iteration,loss,ppl,time
1,11.07741,64693.111079136586,6.001504629629629e-05
2,11.07807,64735.82262570875,0.00011370833333333334
3,11.07755,64702.168748709744,0.00016143750000000001
4,11.07536,64560.62604498169,0.00020772685185185187
5,11.0741,64479.33088287248,0.00025472222222222226
6,11.07262,64383.97205610386,0.0003004305555555556
7,11.07388,64465.14699036371,0.000347337962962963
8,11.07432,64493.51789618099,0.00039375810185185184
9,11.07467,64516.09457813347,0.0004407002314814815
10,11.07239,64369.165445356455,0.0004874328703703704
11,11.07213,64352.43163782985,0.0005370011574074075
12,11.0727,64389.12297990247,0.0005837708333333334
13,11.07303,64410.37489685927,0.0006317037037037038
14,11.07286,64399.42606380406,0.0006790219907407408
15,11.07067,64258.54564109354,0.0007261840277777779
16,11.06659,63996.90488496832,0.0007728356481481483
17,11.06619,63971.311242084215,0.0008201064814814816
18,11.06566,63937.4154303094,0.0008674641203703704
19,11.06475,63879.25884752632,0.0009150682870370372
20,11.06317,63778.40931066137,0.0009625717592592594
21,11.06287,63759.27865760966,0.0010097800925925927
22,11.04502,62631.27293515209,0.0010576250000000002
23,11.04238,62466.144440123375,0.0011042546296296297
24,11.04258,62478.63891841755,0.0011514166666666667
25,11.04268,62484.88709471309,0.0011987372685185185
26,11.03663,62107.9947766516,0.0012467719907407408
27,11.03741,62156.45791074253,0.0012969131944444445
28,11.03589,62062.051861491986,0.0013440868055555556
29,10.96579,57860.48726829867,0.0013918657407407408
30,10.95982,57516.08921039724,0.0014395983796296296
31,10.95836,57432.17699097585,0.001487119212962963
32,10.95462,57217.78181790931,0.0015343055555555557
33,10.95254,57098.89251946203,0.001582320601851852
34,10.95105,57013.878520765335,0.0016304363425925926
35,10.93111,55888.28128240674,0.0016783287037037038
36,10.92959,55803.3956243009,0.0017261006944444446
37,10.92629,55619.54793427104,0.001774266203703704
38,10.92306,55440.186618905835,0.001822252314814815
39,10.91815,55168.64248898024,0.0018695219907407408
40,10.66604,42874.820591299555,0.0019171736111111112
41,10.66726,42927.15979284208,0.0019644872685185186
42,10.65804,42533.1903694823,0.0020118078703703704
43,10.65475,42393.486112683524,0.002059420138888889
44,10.63695,41645.55836451783,0.002109913194444444
45,10.63455,41545.72886775726,0.0021576134259259257
46,10.62786,41268.715584234065,0.00220558912037037
47,10.56733,38844.81947276777,0.0022530601851851848
48,10.56669,38819.96674202732,0.0023005370370370367
49,10.55707,38448.30920097241,0.002347802083333333
50,10.54314,37916.43734185892,0.0023948356481481477
51,10.53542,37624.84942312579,0.0024422326388888883
52,10.49483,36128.23602682349,0.0024894976851851844
53,10.11505,24712.142475014618,0.0025365636574074066
54,10.12434,24942.78796812106,0.0025845069444444435
55,10.11238,24646.249061459046,0.0026320416666666658
56,10.09725,24276.158111177225,0.002679888888888888
57,10.0816,23899.19367732341,0.0027284537037037026
58,10.05611,23297.70181174465,0.00277535648148148
59,10.04285,22990.81345215213,0.002821618055555554
60,10.027,22629.281766255714,0.0028684201388888874
61,10.01052,22259.407339184305,0.0029177037037037023
62,9.960547,21174.374933384475,0.002963958333333332
63,9.909117,20112.906451572824,0.0030099398148148134
64,9.905184,20033.957744898536,0.003056868055555554
65,9.890103,19734.092445775244,0.00310320023148148
66,9.882221,19579.159721096323,0.003149436342592591
67,9.845554,18874.253053317345,0.0031955937499999983
68,9.832852,18636.02845837364,0.00324220023148148
69,9.798129,18000.035336225243,0.0032887152777777763
70,9.703767,16379.191545624106,0.0033352928240740726
71,9.6619,15707.60077529068,0.003382456018518517
72,9.651608,15546.7672172931,0.003429240740740739
73,9.633617,15269.566365449646,0.0034762152777777764
74,9.627293,15173.306322819599,0.003523461805555554
75,9.611065,14929.061073863877,0.0035698101851851837
76,9.587063,14574.999836487557,0.003616612268518517
77,9.567223,14288.681509327398,0.003666234953703702
78,9.541986,13932.590290643331,0.0037135196759259244
79,9.551464,14065.271162818408,0.003760053240740739
80,9.531299,13784.485505734308,0.003807379629629628
81,9.509825,13491.633074108155,0.003853877314814813
82,9.47817,13071.244236719858,0.0038998958333333316
83,9.460738,12845.36082697539,0.003946194444444443
84,9.434351,12510.843159116108,0.003992880787037036
85,9.426672,12415.140315839682,0.004040265046296295
86,9.417497,12301.75236608261,0.00408682986111111
87,9.398036,12064.66244943859,0.004134258101851851
88,9.39564,12035.790121071688,0.004181062499999999
89,9.376261,11804.794010218176,0.004227385416666666
90,9.37435,11782.256590228191,0.004274624999999999
91,9.375704,11798.22057082732,0.004320935185185184
92,9.355219,11558.992679753881,0.004367652777777777
93,9.330234,11273.769238897201,0.004414212962962962
94,9.333931,11315.525502667262,0.004463133101851851
95,9.319794,11156.68333990173,0.004510199074074073
96,9.322183,11183.368519155645,0.004556401620370369
97,9.316551,11120.560820154726,0.00460316898148148
98,9.290893,10838.858879135778,0.004649774305555554
99,9.290439,10833.93915406673,0.0046963356481481465
100,9.274532,10662.967115164867,0.004742530092592591
101,9.265697,10569.174738622674,0.004789327546296294
102,9.268127,10594.889063488868,0.004835519675925924
103,9.253469,10440.721831554505,0.004881850694444442
104,9.242407,10325.863021979287,0.004928267361111109
105,9.228906,10187.390408057832,0.004974854166666665
106,9.231689,10215.78140330911,0.00502094560185185
107,9.211624,10012.844522268884,0.005067156249999999
108,9.216333,10060.106197404008,0.005113706018518517
109,9.19781,9875.478062599412,0.005160317129629628
110,9.184323,9743.18163629797,0.005209218749999999
111,9.195335,9851.066476194,0.005255499999999999
112,9.192946,9827.56036760881,0.005301804398148147
113,9.172308,9626.81776475235,0.005348351851851851
114,9.170343,9607.919641331713,0.0053943402777777765
115,9.164301,9550.043610415463,0.005441312499999999
116,9.160941,9518.00931164426,0.005488650462962962
117,9.145376,9371.008498340509,0.005535996527777777
118,9.141356,9333.412662437637,0.005584811342592592
119,9.127835,9208.064912929773,0.00563254861111111
120,9.122433,9158.457057723379,0.005680199074074073
121,9.105465,9004.367352445859,0.005728362268518517
122,9.096375,8922.888535471153,0.0057765636574074065
123,9.083162,8805.765884016106,0.005823547453703703
124,9.058605,8592.156231916033,0.005871410879629629
125,9.052666,8541.278646589226,0.005919072916666666
126,9.035349,8394.64263655622,0.005965722222222222
127,9.029615,8346.645494990194,0.006015800925925926
128,9.032449,8370.333438284393,0.00606297337962963
129,9.03371,8380.895086469722,0.006109913194444445
130,9.035402,8395.087564406436,0.006157038194444445
131,9.003512,8131.5919891833455,0.006204119212962963
132,8.983067,7967.029562561473,0.006252002314814815
133,8.981577,7955.167527923632,0.006299325231481482
134,8.982052,7958.947130083843,0.006347152777777779
135,8.95736,7764.8312250338695,0.006395253472222223
136,8.958778,7775.8495658683905,0.006442453703703705
137,8.949299,7702.490522304316,0.006489483796296297
138,8.93273,7575.919430684252,0.006536631944444445
139,8.945995,7677.083489150201,0.0065835081018518525
140,8.918062,7465.606854714674,0.006631697916666668
141,8.923395,7505.5272892953235,0.006679370370370371
142,8.903606,7358.460362779988,0.00672692013888889
143,8.908052,7391.248912488216,0.006774016203703705
144,8.882982,7208.253731196577,0.00682341550925926
145,8.900583,7336.249326000073,0.006870289351851852
146,8.886618,7234.510647910346,0.006917905092592593
147,8.883556,7212.392456538825,0.0069658958333333335
148,8.860396,7047.2729121489265,0.007012857638888889
149,8.858418,7033.347183414767,0.007061401620370371
150,8.861197,7052.920039123984,0.007109157407407408
151,8.845854,6945.533013168986,0.007156012731481482
152,8.835398,6873.288870551615,0.007203128472222223
153,8.852478,6991.69293673383,0.007250524305555556
154,8.824779,6800.68757484281,0.0072973148148148155
155,8.815916,6740.679399911033,0.007345106481481482
156,8.817814,6753.485358422344,0.007392479166666667
157,8.803219,6655.634046533661,0.007439679398148148
158,8.816412,6744.023606187986,0.0074859560185185185
159,8.79435,6596.866219323208,0.0075325416666666666
160,8.775413,6473.116783388383,0.0075807523148148145
161,8.782387,6518.418081854918,0.007628472222222222
162,8.746567,6289.060660568461,0.007674920138888889
163,8.777085,6483.948887765958,0.007721956018518519
164,8.754712,6340.494238549068,0.007768211805555556
165,8.742311,6262.351296241111,0.007814296296296297
166,8.739654,6245.734314283361,0.007860636574074074
167,8.718762,6116.602045558678,0.00790748611111111
168,8.741519,6257.3934775698335,0.007953947916666666
169,8.71587,6098.938386405137,0.008000931712962962
170,8.707829,6050.093467021417,0.008048979166666666
171,8.683502,5904.688645639934,0.008096094907407406
172,8.685127,5914.291564947887,0.008143510416666666
173,8.679084,5878.659272427249,0.008190359953703702
174,8.67371,5847.152093114954,0.008237744212962961
175,8.696892,5984.284129133812,0.008285381944444442
176,8.67858,5875.697174665287,0.008332549768518516
177,8.675475,5857.4814295171645,0.008381479166666664
178,8.640486,5656.078010485804,0.008428368055555554
179,8.640345,5655.2805597079305,0.008475564814814813
180,8.630461,5599.659100726375,0.008523349537037034
181,8.648672,5702.568691824629,0.008570243055555553
182,8.632444,5610.774241743101,0.008617331018518515
183,8.643974,5675.840856954158,0.00866369097222222
184,8.601685,5440.819652959031,0.008710862268518516
185,8.611583,5494.940287051162,0.008756995370370368
186,8.606464,5466.883560181067,0.008803127314814812
187,8.593028,5393.921767611284,0.00885021759259259
188,8.5848,5349.72266377682,0.008897224537037035
189,8.572309,5283.314891165032,0.008943310185185183
190,8.566002,5250.097884087724,0.008990082175925923
191,8.558783,5212.333900563452,0.009036327546296293
192,8.569893,5270.565809480077,0.009083026620370367
193,8.547151,5152.055292672559,0.009130060185185182
194,8.540641,5118.62434850767,0.009179200231481478
195,8.526009,5044.273911341244,0.009225190972222219
196,8.513292,4980.532041725378,0.009272283564814812
197,8.510346,4965.880985931913,0.009319398148148146
198,8.512185,4975.021643323433,0.009365966435185183
199,8.504141,4935.163095228468,0.009412461805555553
200,8.496708,4898.616023401176,0.009459594907407404
201,8.504043,4934.679472943008,0.009506538194444442
202,8.478003,4807.839049052097,0.009553415509259257
203,8.482601,4829.996393698183,0.009600215277777775
204,8.46512,4746.296933306792,0.0096467037037037
205,8.464392,4742.842886564905,0.009693701388888885
206,8.457251,4709.094886159062,0.009741380787037034
207,8.476787,4801.996269898133,0.00978816319444444
208,8.452478,4686.671931218473,0.009835474537037033
209,8.434645,4603.835318593806,0.009883077546296292
210,8.457132,4708.534537209034,0.009929611111111106
211,8.435198,4606.381943601905,0.009979108796296291
212,8.409496,4489.497234644559,0.010026152777777773
213,8.428123,4573.9068076079875,0.010072628472222216
214,8.380138,4359.610510942197,0.010118980324074068
215,8.411415,4498.120851551845,0.010165637731481474
216,8.383086,4372.481605400114,0.01021212152777777
217,8.386974,4389.5149051595945,0.01025829629629629
218,8.385748,4384.136657425386,0.010306153935185178
219,8.377178,4346.725143581537,0.010353986111111104
220,8.373613,4331.256657403983,0.010400417824074066
221,8.372329,4325.698892704383,0.010447961805555548
222,8.371761,4323.242593388366,0.01049449652777777
223,8.37569,4340.262026319652,0.010541347222222214
224,8.357983,4264.0854264897425,0.01058798263888888
225,8.376539,4343.948473455369,0.01063523726851851
226,8.359705,4271.434507336755,0.010681475694444435
227,8.327774,4137.197892082041,0.010730312499999992
228,8.335299,4168.447736297125,0.01077873263888888
229,8.35584,4254.9572757276965,0.010825893518518509
230,8.328791,4141.407562592913,0.010872923611111102
231,8.310213,4065.1787745745755,0.01091978587962962
232,8.320483,4107.143279479624,0.010966418981481473
233,8.300913,4027.5478669160216,0.011013208333333325
234,8.315603,4087.149245397735,0.01106048263888888
235,8.283396,3957.611635703441,0.011108162037037028
236,8.297453,4013.636631611883,0.011155331018518509
237,8.300818,4027.165268042399,0.011202082175925917
238,8.286804,3971.122185057539,0.011249627314814806
239,8.240267,3790.552250521173,0.01129691550925925
240,8.252096,3835.6569388324688,0.011344028935185177
241,8.271709,3911.628255786701,0.011392009259259251
242,8.252314,3836.4932031946387,0.011440716435185176
243,8.248227,3820.8454534309235,0.011488803240740732
244,8.212271,3685.9036557442105,0.011538624999999992
245,8.244139,3805.257720252095,0.011586233796296287
246,8.224123,3729.848890921714,0.011633717592592583
247,8.204287,3656.592566525879,0.011681155092592583
248,8.225224,3733.9577160437893,0.01172921874999999
249,8.202011,3648.279625559826,0.011776659722222213
250,8.190454,3606.359161914969,0.011825023148148138
251,8.186163,3590.9174286834736,0.011873642361111101
252,8.212602,3687.1238917921905,0.011921711805555546
253,8.16172,3504.208662207431,0.011969539351851842
254,8.186856,3593.406796928022,0.012016763888888879
255,8.166697,3521.6925813615685,0.012064403935185175
256,8.185416,3588.236014996945,0.012112658564814804
257,8.135901,3414.8915003269362,0.012160572916666655
258,8.167226,3523.5560495809973,0.012208513888888878
259,8.139118,3425.8948957554408,0.012256006944444434
260,8.158174,3491.8047434365812,0.012303653935185175
261,8.14096,3432.2112096926394,0.01235292824074073
262,8.122468,3369.325988733847,0.012399543981481471
263,8.115591,3346.2346245701706,0.012447162037037027
264,8.138538,3423.9084528400367,0.012493792824074064
265,8.121445,3365.8809306950056,0.012540179398148138
266,8.133894,3408.0446861620667,0.012587900462962954
267,8.12779,3387.3053422688704,0.012634623842592584
268,8.103814,3307.057168663347,0.012681876157407398
269,8.108082,3321.2018519419025,0.012728954861111101
270,8.11579,3346.900591521975,0.012775957175925915
271,8.0786,3224.71547328563,0.012822050925925916
272,8.074759,3212.3530982927114,0.012869108796296286
273,8.070015,3197.149785964465,0.012916405092592584
274,8.059862,3164.853354457163,0.012963677083333324
275,8.090628,3263.7365533341685,0.013010428240740732
276,8.025094,3056.708614867628,0.013056747685185176
277,8.022468,3048.692228167392,0.013103265046296287
278,8.050946,3136.7609440149695,0.013152561342592583
279,8.032572,3079.6523616401073,0.01319981712962962
280,8.027315,3063.5051094146097,0.01324646412037036
281,8.058372,3160.141234360274,0.013293385416666657
282,8.001597,2985.7223803024576,0.013339295138888879
283,8.028599,3067.4411763893277,0.01338637499999999
284,8.017885,3034.752040026663,0.013432760416666656
285,8.037713,3095.5256216855637,0.013478956018518508
286,7.986393,2940.6708071377298,0.01352508912037036
287,8.014201,3023.592581854369,0.013571704861111101
288,7.99581,2968.4939035659568,0.013617666666666656
289,8.026043,3059.6108082160727,0.013664851851851841
290,8.001411,2985.1670875835416,0.01371149537037036
291,7.991791,2956.587468575056,0.013757532407407397
292,7.983333,2931.686108068225,0.013805175925925915
293,7.979998,2921.925220225194,0.013852175925925915
294,7.953761,2846.2596278042956,0.01389950462962962
295,7.954646,2848.7796825346404,0.013948578703703694
296,7.951042,2838.5311594903233,0.013995378472222212
297,7.958929,2861.007172392626,0.014042148148148139
298,7.949241,2833.4235656409246,0.014089269675925916
299,7.923871,2762.4437952274207,0.014136090277777768
300,7.897776,2691.290238044597,0.014184218749999991
301,7.924514,2764.2206177749827,0.014231440972222214
302,7.92078,2753.918264452127,0.01427816087962962
303,7.933925,2790.3574921663894,0.014325815972222213
304,7.923896,2762.512857185572,0.014372912037037028
305,7.906147,2713.9135865441995,0.01442008101851851
306,7.882922,2651.6092531263803,0.014466488425925917
307,7.885411,2658.2173288962235,0.014513180555555547
308,7.887602,2664.047868087069,0.014561149305555547
309,7.887579,2663.986595690737,0.014608932870370362
310,7.899793,2696.7240486104947,0.01465610416666666
311,7.891956,2675.6724207917714,0.01470258564814814
312,7.867527,2611.1003460547768,0.014751601851851844
313,7.83963,2539.2651318938897,0.014799055555555548
314,7.867216,2610.288420108183,0.014845811342592585
315,7.861587,2595.6363834368494,0.014893509259259252
