step,error
1,0.0
2,0.0
3,7.999999999874774e-05
4,1.9999999999242846e-05
5,9.000000000014552e-05
6,0.004119999999998569
7,-1.9999999999242846e-05
8,-1.9999999999242846e-05
9,0.00023999999999979593
10,-9.999999999621423e-06
11,-0.00019999999999953388
12,-0.0005100000000002325
13,-0.0014699999999994162
14,-0.001809999999998979
15,-0.0032399999999999096
16,-0.0007020000000004245
17,-0.006484000000000378
18,-0.007319999999999993
19,-0.007943000000000922
20,-0.005663000000000196
21,-0.005798000000000414
22,-0.005841000000000207
23,-0.004945000000001087
24,-0.004562999999999207
25,-0.003729999999999123
26,-0.003632000000001412
27,-0.004070000000000462
28,-0.0035069999999990387
29,-0.0033119999999993155
30,-0.0034440000000000026
31,-0.003655000000000186
32,-0.003063000000000926
33,-0.003253999999998314
34,-0.0030559999999990595
35,-0.002974000000000032
36,-0.0027889999999999304
37,-0.0027159999999994966
38,-0.00280700000000067
39,-0.0028570000000005535
40,-0.002850999999999715
41,-0.0029869999999991848
42,-0.003083000000000169
43,-0.002776000000000778
44,-0.003201999999999927
45,-0.0033260000000012724
46,-0.003114000000000061
47,-0.0028690000000004545
48,-0.002793999999999741
49,-0.0024490000000003675
50,-0.002235000000000653
51,-0.00244599999999906
52,-0.003108000000000999
53,-0.0021489999999992904
54,-0.0021979999999999222
55,-0.002268000000000825
56,-0.002448000000001116
57,-0.0020249999999997215
58,-0.002356000000000691
59,-0.002830999999999584
60,-0.002938999999999581
61,-0.00043100000000073635
62,-0.0017399999999998528
63,-0.0038869999999997518
64,0.004783000000000648
65,0.01948900000000009
66,-0.023889000000000493
67,-0.012805000000000177
68,-0.004146000000000427
69,-0.00524699999999978
70,-0.007352000000000025
71,-0.019092000000000553
72,-0.005842000000000347
73,-0.006193999999999811
74,-0.005963999999999636
75,-0.016931999999999725
76,-0.007305000000000561
77,-0.005627999999999744
78,-0.011074999999999946
79,-0.00757199999999969
80,-0.003154999999999575
81,-0.0027929999999996014
82,0.0010110000000000952
83,-0.007540999999999798
84,0.00450200000000045
85,0.002429999999999488
86,-0.0018810000000000215
87,-0.015228999999999715
88,-0.008573000000000164
89,-0.012087000000000181
90,-0.005995999999999668
91,-0.008183999999999969
92,-0.012017000000000166
93,-0.01609700000000025
94,-0.003309999999999924
95,-0.015234999999999665
96,-0.0018159999999998178
97,-0.0011010000000002407
98,-0.005485999999999436
99,-0.0016090000000001936
100,0.011103000000000307
101,0.004916999999999838
102,-0.0026260000000002393
103,0.0013339999999999463
104,-0.003006000000000064
105,-0.0029479999999999507
106,-0.00911599999999968
107,-0.0004020000000002355
108,-0.0032560000000003697
109,-0.0033279999999997756
110,0.007966999999999835
111,-0.004709999999999326
112,0.009671999999999237
113,-0.006802000000000419
114,-0.0032409999999991612
115,0.0038970000000002614
116,-0.000364000000000253
117,-0.0012420000000004094
118,0.005346000000000295
119,-0.003670999999999758
120,0.005963000000000385
121,-0.005482999999999905
122,0.0030609999999997584
123,-0.0018799999999998818
124,-0.009227999999999348
125,0.0061869999999997205
126,-0.018431999999999782
127,-0.0024340000000000472
128,-0.00463099999999983
129,-0.009717000000000198
130,0.003630000000000244
131,-0.012107000000000312
132,-0.005799999999999805
133,-0.014167999999999736
134,-0.003906999999999883
135,-0.0028850000000000264
136,-0.002822000000000102
137,-0.00756599999999974
138,-0.008873000000000353
139,-0.009227000000000096
140,-0.00022100000000069286
141,-0.00929300000000044
142,-0.005705999999999989
143,-0.009959999999999525
144,-0.013967000000000063
145,-0.006506000000000789
146,-0.004119000000000206
147,-0.005996999999999808
148,-0.004713999999999885
149,-0.01208200000000037
150,-0.0014850000000006247
151,-0.009811000000000014
152,-0.003785999999999845
153,-0.009964000000000084
154,0.005589999999999762
155,-0.007400999999999769
156,-0.010172999999999988
157,-0.0027080000000001547
158,-0.007232999999999379
159,-0.013847000000000165
160,-0.01562799999999953
161,-0.010701000000000072
162,-0.016513999999999918
163,-0.010143999999999487
164,-0.00433600000000034
165,-0.01766700000000032
166,-0.012754000000000154
167,-0.014127000000000223
168,-0.008933999999999997
169,-0.002410999999999497
170,0.0043079999999999785
171,-0.0021409999999999485
172,-0.009373000000000076
173,0.013288000000000189
174,0.010545999999999722
175,0.006371000000000571
176,0.016596999999999973
177,0.0063149999999998485
178,0.009136000000000699
179,0.016361999999999988
180,-0.0006580000000004915
181,0.01330399999999976
182,0.0032759999999996126
183,0.002715000000000245
184,-0.001108000000000331
185,0.008483000000000018
186,0.0008569999999998856
187,-0.006528999999999563
188,-0.0012780000000001124
189,-0.0005709999999998772
190,0.002826999999999913
191,-0.004488999999999521
192,0.011262000000000327
193,0.003459000000000323
194,0.006145999999999319
195,0.010426999999999964
196,0.01234799999999936
197,0.0030980000000004893
198,0.0010820000000002494
199,0.007186000000000803
200,0.008354000000000639
201,-0.0010730000000007678
202,-0.004150000000000098
203,0.0035169999999995483
204,-0.002921999999999869
205,-0.014494000000000007
206,0.00847899999999946
207,-0.011525999999999925
208,-0.010666000000000508
209,0.0070550000000002555
210,-0.018647999999999776
211,-0.008289999999999687
212,-0.0036749999999994287
213,-0.007776999999999923
214,-0.009992000000000445
215,-0.009875000000000078
216,-0.012787000000000326
217,-0.009068000000000076
218,-0.012480000000000047
219,-0.004795000000000549
220,-0.0035080000000000666
221,-0.01845100000000066
222,-0.0027980000000003002
223,-0.007087999999999539
224,0.0008989999999995391
225,-0.0002589999999997872
226,-0.00140000000000029
227,0.000966999999999274
228,-0.0007070000000002352
229,-0.004926000000000208
230,0.009665000000000035
231,-0.008424999999999905
232,-0.0034290000000005705
233,0.00543700000000058
234,-0.009100000000000108
235,-0.0033850000000006375
236,-0.006992999999999583
237,-0.019929000000000308
238,0.012342000000000297
239,-0.011007000000000211
240,0.0017610000000001236
241,0.0019119999999999138
242,-0.008064000000000071
243,-0.00493399999999955
244,0.006835000000000591
245,-0.0007190000000001362
246,0.002691000000000443
247,0.0025420000000000442
248,0.0009689999999995536
249,-0.004388999999999754
250,0.0004569999999999297
251,0.0029700000000003612
252,0.002177999999999791
253,-0.007433999999999941
254,0.017888000000000126
255,-0.00914200000000065
256,0.0019759999999999778
257,0.007648000000000543
258,-0.010187000000000168
259,0.018455999999999584
260,-0.009576000000000029
261,0.01811100000000021
262,-0.0003269999999995221
263,0.01668299999999956
264,-0.00821100000000019
265,0.009570000000000078
266,0.0016290000000003246
267,0.0026729999999997034
268,-0.0027759999999998897
269,0.017222000000000293
270,0.009485999999999883
271,0.009063999999999517
272,0.017870999999999526
273,0.0021719999999998407
274,0.004355000000000331
275,0.018305999999999933
276,0.008413000000000004
277,0.005790000000000184
278,0.012753000000000014
279,-0.0009660000000000224
280,0.021160000000000068
281,0.005130999999999553
282,0.02147499999999969
283,0.01269600000000004
284,0.01160099999999975
285,0.01875300000000024
286,0.012108999999999703
287,0.013137000000000398
288,-0.003722999999999921
289,0.00126400000000082
290,-0.009036000000000044
291,0.0021460000000006474
292,-0.027773999999999965
293,0.0003260000000002705
294,-0.014648999999999468
295,-0.018300999999999235
296,0.0033400000000005647
297,-0.011898000000000408
298,-0.0010570000000003077
299,-0.0004729999999995016
300,-0.000524000000000413
301,-0.002424000000000426
302,0.002011000000000429
303,-0.002794999999999881
304,0.007957999999999466
305,-0.0024779999999999802
306,-0.004369000000000511
307,0.0015640000000001208
308,-0.005910000000000082
309,0.011445999999999401
310,-0.00990599999999997
311,-0.007642000000000593
312,-0.0030849999999995603
313,-0.026517000000000124
314,0.005768999999999913
315,-0.02414999999999967
316,-0.011766999999999861
317,-0.008583999999999925
318,-0.015037000000000411
319,-0.011352000000000473
320,-0.005301000000000222
321,-0.0037769999999994752
322,-0.008848999999999663
323,0.008839000000000041
324,0.008461000000000496
325,0.0015620000000007295
326,-0.012127999999999695
327,-0.011552000000000007
328,-0.00463900000000006
329,-0.016598000000000113
330,0.002861999999999476
331,0.005442999999999643
332,-0.004518000000000022
333,0.0011660000000004445
334,0.00679799999999986
335,0.002608000000000388
336,-0.001519000000000048
337,0.00450900000000054
338,-0.006344999999999601
339,-0.008591000000000015
340,-0.0016480000000003159
341,-0.013264000000000387
342,-0.01176099999999991
343,0.0011779999999994573
344,-0.012223000000000539
345,-0.007543000000000077
346,-0.00339899999999993
347,-0.009071999999999747
348,-0.009174999999999933
349,0.0015859999999996433
350,-0.0070230000000002235
351,0.0011559999999999349
352,-0.00899300000000025
353,0.0013059999999995853
354,-0.00850599999999968
355,-0.001894999999999314
356,0.002347000000000321
357,-0.007914999999999672
358,-0.0009259999999997603
359,0.0011419999999997543
360,0.009647000000000183
361,-0.00403100000000034
362,-0.0030369999999999564
363,0.008032000000000039
364,0.002877999999999936
365,2.1000000000270802e-05
366,0.0077619999999996026
367,0.004255000000000564
368,0.005073999999999579
369,0.00973799999999958
370,0.007604999999999862
371,-0.0015960000000001529
372,0.012452999999999825
373,0.001670999999999978
374,0.015583000000000347
375,0.00881500000000024
376,0.010365999999999431
377,0.005890999999999202
378,0.004385000000000083
379,0.007137999999999423
380,0.0013050000000003337
381,0.014902000000000193
382,0.0008879999999997779
383,0.0027609999999995694
384,-0.0020769999999998845
385,0.009393999999999458
386,0.00404500000000052
387,-0.006065999999999683
388,0.0062829999999998165
389,0.008302000000000476
390,-0.005346000000000295
391,0.006978000000000151
392,0.0015330000000002286
393,0.014323000000000086
394,0.003798999999999886
395,0.004637000000000668
396,0.01145300000000038
397,0.003736999999999213
398,0.011068999999999996
399,0.01282399999999928
400,-0.0008519999999991867
401,0.010587999999999376
402,0.007176000000000293
403,0.004750999999999728
404,0.00021299999999957464
405,0.006565000000000154
406,-0.0023689999999998435
407,0.011149999999999771
408,0.015342999999999662
409,0.00804000000000027
410,0.014899999999999913
411,0.011695999999999707
412,0.01162500000000044
413,0.01144299999999987
414,0.020521999999999707
415,0.018474000000000323
416,0.01298599999999972
417,0.014510999999999719
418,0.015223000000000653
419,0.008155000000000356
420,0.008888999999999925
421,0.005931999999999604
422,0.02185000000000059
423,0.00957499999999989
424,0.0198280000000004
425,0.015792999999999502
426,0.0051109999999994216
427,0.017609000000000208
428,0.022973999999999606
429,0.014666000000000068
430,0.022637999999999714
431,0.005932999999999744
432,0.017209000000000252
433,0.010790000000000077
434,0.014744000000000312
435,0.009140999999999622
436,0.01824399999999926
437,0.014035999999999937
438,0.015518000000000143
439,0.010076999999999892
440,0.01547700000000063
441,0.015247000000000455
442,0.01437499999999936
443,0.016919999999999824
444,0.01794900000000066
445,0.024534000000000056
446,0.01469499999999968
447,0.025180000000000646
448,0.021625000000000227
449,0.026685000000000514
450,0.02984800000000032
451,0.02968299999999946
452,0.019885999999999626
453,0.02276100000000003
454,0.028026999999999802
455,0.026277000000000328
456,0.03454500000000049
457,0.02868499999999985
458,0.0248219999999999
459,0.031807999999999836
460,0.023443000000000325
461,0.033252999999999755
462,0.03805199999999953
463,0.028788000000000036
464,0.03128399999999987
465,0.023140999999999856
466,0.027430999999999983
467,0.020791000000000004
468,0.034999
469,0.027185000000000237
470,0.017212000000000227
471,0.031861999999999835
472,0.014521999999999924
473,0.02725299999999997
474,0.02267999999999981
475,0.02218100000000023
476,0.019969000000000126
477,0.02274900000000013
478,0.019044999999999757
479,0.02057399999999987
480,0.012448000000000015
481,0.02714300000000014
482,0.01540200000000036
483,0.03295799999999982
484,0.020268000000000175
485,0.03182699999999983
486,0.031471999999999944
487,0.02847899999999992
488,0.03153199999999989
489,0.040437999999999974
490,0.04261399999999993
491,0.045798000000000005
492,0.034127999999999936
493,0.03740800000000011
494,0.04922000000000004
495,0.02706799999999987
496,0.01710300000000009
497,0.030479000000000145
498,0.021635000000000293
499,0.020310999999999968
500,0.03336400000000017
501,0.034503999999999646
502,0.02550700000000017
503,0.0289959999999998
504,0.03100299999999967
505,0.03291999999999984
506,0.03308100000000014
507,0.04179999999999984
508,0.02555800000000019
509,0.026343000000000227
510,0.028519000000000183
511,0.035015999999999714
512,0.029719999999999747
513,0.03313200000000016
514,0.030530999999999864
515,0.031009000000000064
516,0.03786699999999987
517,0.03845500000000035
518,0.022059999999999746
519,0.046016999999999975
520,0.0389219999999999
521,0.04066400000000003
522,0.039134000000000224
523,0.03227000000000002
524,0.03875200000000012
525,0.03954499999999994
526,0.03275700000000015
527,0.03274599999999994
528,0.02705700000000011
529,0.03294100000000011
530,0.03252699999999997
531,0.02853400000000006
532,0.03346800000000005
533,0.03933799999999987
534,0.0346700000000002
535,0.04402499999999998
536,0.0356930000000002
537,0.040520999999999585
538,0.03399200000000002
539,0.04041999999999968
540,0.03821500000000011
541,0.03206800000000021
542,0.02882399999999974
543,0.023656000000000343
544,0.02796999999999983
545,0.03550899999999979
546,0.033939000000000163
547,0.03842100000000004
548,0.02319899999999997
549,0.0389219999999999
550,0.03414899999999976
551,0.03611799999999965
552,0.02762399999999987
553,0.029359000000000357
554,0.029656000000000127
555,0.03451100000000018
556,0.03611899999999979
557,0.036529000000000256
558,0.03646100000000008
559,0.04009399999999985
560,0.021479999999999944
561,0.030577000000000076
562,0.019465000000000288
563,2.1000000000270802e-05
564,0.018250999999999795
565,0.024398999999999837
566,0.010828999999999755
567,0.016069000000000333
568,0.023613000000000106
569,0.025787999999999922
570,0.02459599999999984
571,0.01634599999999997
572,0.028516000000000208
573,0.012655000000000083
574,0.010388999999999982
575,0.008454000000000406
576,0.015061000000000213
577,0.007588999999999846
578,0.00464700000000029
579,0.006590000000000096
580,0.01429999999999998
581,0.009023000000000003
582,0.012541000000000135
583,0.01502200000000009
584,0.015369000000000188
585,0.007223999999999897
586,0.01579700000000006
587,-0.004632999999999665
588,0.013739999999999863
589,-0.0014699999999998603
590,-0.00580399999999992
591,-0.005233000000000043
592,0.0005599999999996719
593,-0.001426999999999623
594,0.005186999999999831
595,0.0022980000000001333
596,0.0007779999999999454
597,0.000576000000000132
598,0.0003439999999996779
599,-0.004602999999999913
600,0.0033690000000001774
601,0.003454000000000068
602,-0.003257999999999761
603,-0.0026060000000001082
604,-0.0038290000000000823
605,-0.002739000000000047
606,0.0015639999999996768
607,-0.0010660000000002334
608,0.007176999999999989
609,-0.004881000000000135
610,0.005386999999999809
611,0.005106999999999751
612,-0.002838999999999814
613,0.0022500000000000853
614,0.008026000000000089
615,0.006863999999999759
616,0.0069390000000000285
617,0.0014409999999998035
618,0.008757999999999821
619,0.026282999999999834
620,0.0010999999999996568
621,0.017867999999999995
622,0.007533000000000012
623,0.013105999999999618
624,0.02143800000000029
625,0.019830000000000236
626,0.01781900000000025
627,0.023794000000000093
628,0.0046040000000000525
629,0.021231999999999918
630,0.013434999999999864
631,0.01529899999999973
632,0.01532800000000023
633,0.011554999999999982
634,0.012487000000000137
635,0.02577499999999988
636,0.0049120000000000275
637,0.02244299999999999
638,-0.009260000000000268
639,0.005517999999999912
640,0.008312000000000097
641,0.010350000000000303
642,0.008204999999999796
643,0.014119999999999688
644,0.002538999999999625
645,0.011654000000000053
646,0.018904000000000032
647,0.011682999999999666
648,0.0030079999999998996
649,0.012313999999999936
650,0.009539999999999882
651,0.0028159999999997076
652,-0.005199999999999871
653,-0.01004499999999986
654,0.0044680000000001385
655,0.0013780000000003234
656,0.0009270000000003442
657,-0.004790000000000294
658,-0.002523000000000053
659,0.0020060000000001743
660,-0.0014660000000001894
661,0.0005509999999997461
662,-0.0027920000000003498
663,-0.014329000000000036
664,0.017822999999999922
665,0.011697999999999986
666,0.010787000000000102
667,0.010229999999999961
668,0.0035840000000000316
669,0.011102999999999863
670,0.009062999999999821
671,0.014917999999999765
672,0.008472000000000257
673,0.0045600000000001195
674,-0.00019500000000016726
675,0.006293000000000326
676,0.008843999999999852
677,0.014666999999999764
678,0.016049999999999898
679,0.01250899999999966
680,0.02215200000000017
681,0.02362400000000031
682,0.01693100000000003
683,0.022601000000000315
684,0.03247800000000023
685,0.01632200000000017
686,0.015721000000000096
687,0.012736999999999998
688,0.01013099999999989
689,0.02537300000000009
690,0.018839999999999968
691,0.011613999999999791
692,0.0023250000000003546
693,0.013208999999999804
694,0.003750999999999838
695,0.0006689999999998086
696,0.0005980000000000985
697,-3.799999999998249e-05
698,0.004380999999999968
699,-0.0037329999999999863
700,0.005069000000000212
701,-0.005371000000000237
702,0.006209000000000131
703,0.006133999999999862
704,-0.007495999999999725
705,0.005391999999999619
706,-0.003043000000000351
707,0.0025999999999997137
708,0.0022530000000000605
709,0.006365000000000176
710,0.004896999999999707
711,0.0047839999999998994
712,0.001170999999999811
713,0.005554999999999755
714,0.004309999999999814
715,-0.002498999999999807
716,0.004284999999999872
717,0.006737999999999911
718,-0.001010999999999651
719,0.005969000000000335
720,0.00463900000000006
721,0.005459999999999798
722,0.0031760000000002897
723,0.01865899999999998
724,0.0007589999999999542
725,0.013713000000000086
726,-0.0006049999999997446
727,0.008236000000000132
728,0.009263999999999939
729,0.005999000000000088
730,0.00626300000000013
731,0.01569699999999985
732,0.009258999999999684
733,0.006721000000000199
734,0.011265999999999998
735,0.0037050000000000693
736,0.004268999999999856
737,-0.004878999999999856
738,-0.0019540000000000113
739,0.0008240000000001579
740,0.004538999999999849
741,0.01121900000000009
742,0.009017999999999748
743,0.0020539999999997782
744,0.0039679999999999715
745,-0.007166999999999923
746,0.01717700000000022
747,0.019343999999999806
748,0.010591000000000239
749,0.005171000000000259
750,0.0064549999999998775
751,-0.00518200000000002
752,0.00532599999999972
753,0.004898999999999987
754,0.00883300000000009
755,0.006709999999999994
756,0.0041479999999998185
757,0.006972999999999896
758,0.011485999999999663
759,0.011014999999999997
760,0.01307899999999984
761,0.015439999999999898
762,0.009994999999999976
763,0.0013039999999997498
764,-0.00641299999999978
765,0.0006300000000001305
766,-0.007014000000000298
767,-0.08265400000000023
768,-0.02198499999999992
769,-0.03555000000000019
770,-0.034110000000000085
771,-0.025809000000000193
772,-0.028806999999999583
773,-0.06815000000000015
774,-0.04679999999999973
775,-0.02976000000000001
776,-0.03205199999999975
777,-0.031268000000000296
778,-0.022612999999999772
779,-0.018801999999999985
780,-0.021185999999999705
781,-0.026388999999999996
782,-0.011652999999999913
783,-0.01596400000000031
784,-0.006159000000000248
785,-0.0170300000000001
786,-0.015198999999999963
787,-0.012937999999999672
788,-0.009936000000000167
789,-0.018907000000000007
790,-0.01353099999999996
791,-0.021885000000000154
792,-0.028419999999999668
793,-0.0235240000000001
794,-0.03011600000000003
795,-0.019524000000000097
796,-0.03063299999999991
797,-0.024315000000000087
798,-0.02550499999999989
799,-0.012021999999999977
800,-0.013255000000000017
801,0.005850000000000133
802,-0.006333000000000144
803,-0.0069710000000000605
804,-0.006021000000000054
805,-0.011556000000000122
806,-0.015223999999999904
807,-0.004293000000000102
808,-0.012016000000000027
809,-0.014720000000000066
810,-0.012310000000000265
811,-0.013976999999999684
812,-0.024097999999999953
813,-0.011463000000000001
814,-0.014358999999999789
815,-0.012567000000000217
816,-0.013009999999999966
817,2.6000000000081513e-05
818,-0.015442000000000178
819,-0.0009879999999999889
820,-0.004015000000000324
821,-0.005841999999999903
822,-0.005527999999999977
823,-0.008063000000000375
824,-0.0062840000000004
825,-0.004674999999999763
826,-0.009360000000000035
827,-0.014575999999999922
828,-0.008140000000000036
829,-0.009167000000000147
830,-0.01919800000000027
831,-0.009914999999999896
832,-0.010691000000000006
833,-0.014104000000000116
834,-0.009857000000000227
835,-0.01832400000000023
836,-0.01973400000000014
837,-0.010576999999999614
838,-0.008020999999999834
839,-0.005891999999999786
840,-0.0010310000000002262
841,-0.006952000000000069
842,-0.0026409999999996714
843,-0.009472000000000147
844,-0.0009929999999997996
845,-0.0046040000000000525
846,-0.002452000000000343
847,0.0012959999999999638
848,-0.004933000000000298
849,0.0008989999999999831
850,-0.007794000000000079
851,-0.011267000000000138
852,0.0013879999999999448
853,-0.011587000000000014
854,0.032718000000000025
855,0.0007650000000003487
856,0.01347900000000024
857,0.0027449999999999974
858,-0.0017910000000003201
859,0.0030049999999999244
860,-0.00913800000000009
861,-0.0005749999999999922
862,-0.0017580000000001483
863,-0.01702899999999996
864,-0.012159999999999727
865,-0.012896000000000019
866,-0.00836400000000026
867,-0.010021000000000058
868,0.004753000000000007
869,0.005770000000000053
870,0.009655999999999665
871,0.001142999999999894
872,0.0036209999999998743
873,0.0011039999999997718
874,0.004614000000000118
875,0.0030090000000000394
876,0.0018400000000000638
877,-0.0015300000000002534
878,0.006229000000000262
879,0.003258999999999901
880,0.0037209999999996413
881,0.0004669999999999952
882,0.003517999999999688
883,0.00865500000000008
884,0.01158999999999999
885,0.006744000000000305
886,0.005928999999999629
887,0.008154000000000217
888,0.006150000000000322
889,0.007314999999999738
890,-0.00765299999999991
891,0.0071159999999999
892,0.0038289999999996382
893,-0.004131000000000107
894,0.0015899999999997583
895,0.0008989999999999831
896,0.00805699999999998
897,0.0005079999999999529
898,0.0038569999999999993
899,-0.003598999999999908
900,-0.00043099999999984817
901,-0.0028479999999997396
902,0.0015139999999997933
903,-0.005323999999999884
904,-0.0042360000000001286
905,-0.005329999999999835
906,-0.0036639999999996675
907,0.0013800000000001589
908,0.008669999999999956
909,0.00018599999999979744
910,0.011402000000000356
911,0.01470400000000005
912,0.02565699999999982
913,0.020707000000000253
914,0.014479999999999826
915,0.02027000000000001
916,0.021066999999999947
917,0.014551000000000425
918,0.014688000000000034
919,0.02265499999999987
920,0.0010619999999996743
921,0.01565100000000008
922,0.00921700000000003
923,0.008632999999999669
924,0.005510000000000126
925,0.01664000000000021
926,0.004850999999999939
927,0.006572000000000244
928,0.01244500000000004
929,0.007526999999999617
930,0.004591000000000012
931,0.008876000000000328
932,0.0058789999999997455
933,0.0031440000000002577
934,0.00843600000000011
935,0.005618999999999819
936,-0.0028120000000000367
937,0.00835000000000008
938,0.010294000000000025
939,0.006800999999999835
940,0.006909000000000276
941,0.014412999999999787
942,0.008246999999999893
943,0.015752999999999684
944,0.011546000000000056
945,0.01215199999999994
946,0.009491000000000138
947,0.01293600000000028
948,0.009623999999999633
949,0.012427999999999884
950,0.011503999999999959
951,0.00850099999999987
952,0.015295999999999754
953,0.013576999999999728
954,0.011629999999999807
955,0.019333000000000045
956,0.01423899999999989
957,0.009699000000000346
958,0.013933999999999891
959,0.002014999999999656
960,0.004520999999999997
961,0.007715999999999834
962,0.010968000000000089
963,0.011784000000000017
964,0.007477999999999874
965,0.021116000000000135
966,0.0022519999999999207
967,0.005978999999999957
968,0.009389000000000092
969,0.0048960000000000115
970,-0.000596000000000263
971,0.003928000000000154
972,-0.004596999999999962
973,0.0015449999999996855
974,-0.0007440000000000779
975,-0.0012819999999997833
976,0.0007830000000002002
977,0.037096999999999714
978,0.013358000000000203
979,0.019127000000000116
980,0.009532999999999792
981,0.07695300000000005
982,0.04934100000000008
983,-0.0005550000000003052
984,0.03183900000000017
985,0.034898000000000096
986,0.08151699999999984
987,0.030183999999999767
988,0.023010999999999893
989,0.030518999999999963
990,0.014963999999999977
991,0.016364999999999963
992,0.019861999999999824
993,0.06365100000000012
994,0.03381500000000015
995,0.038138000000000005
996,0.035668000000000255
997,0.031714999999999716
998,0.024810999999999694
999,0.017188999999999677
1000,0.009453000000000156
1001,0.013244000000000256
1002,0.018393000000000104
1003,0.0192429999999999
1004,0.0034849999999999604
1005,0.02550600000000003
1006,0.004432999999999687
1007,0.020376999999999867
1008,0.022654000000000174
1009,0.010051000000000254
1010,0.01989599999999969
1011,0.01902399999999993
1012,0.01600500000000027
1013,0.0030489999999998574
1014,0.02763800000000005
1015,0.01576000000000022
1016,0.03587100000000021
1017,0.025382000000000016
1018,0.04179999999999984
1019,0.02790399999999993
1020,-0.026714999999999822
1021,0.010161000000000087
1022,0.0004070000000000462
1023,-0.015192000000000316
1024,-0.029666999999999888
1025,-0.007632000000000083
1026,0.00016400000000027504
1027,0.0011540000000000994
1028,0.0005449999999997956
1029,-0.009648000000000323
1030,0.009371999999999936
1031,0.007285999999999682
1032,0.003554000000000279
1033,0.004979000000000067
1034,0.009959999999999969
1035,-0.0011449999999997296
1036,0.00550000000000006
1037,0.005138000000000087
1038,0.006924000000000152
1039,0.005987999999999882
1040,0.0014140000000000263
1041,-0.0004820000000003155
1042,0.0037440000000001916
1043,0.0018080000000000318
1044,-0.00316599999999978
1045,0.002193999999999807
1046,-0.003033999999999981
1047,-0.012271000000000143
1048,-0.013034999999999908
1049,-0.013027000000000122
1050,-0.010333000000000148
1051,-0.01068300000000022
1052,-0.012656999999999918
1053,-0.009475000000000122
1054,-0.003034999999999677
1055,-0.0021079999999997767
1056,-0.007404999999999884
1057,-0.0033410000000002604
1058,0.000264000000000042
1059,-0.00037799999999998946
1060,-0.0014479999999998938
1061,0.006620999999999988
1062,0.0017140000000002154
1063,0.0016929999999999445
1064,-0.0024329999999999075
1065,-0.21630499999999975
1066,-0.08229799999999976
1067,-0.046875
1068,-0.026568000000000147
1069,-0.034189000000000025
1070,-0.027028000000000052
1071,-0.01306800000000008
1072,-0.02323900000000023
1073,-0.06091899999999972
1074,-0.04488499999999984
1075,-0.03124500000000019
1076,-0.027143999999999835
1077,-0.028526000000000273
1078,-0.02444600000000019
1079,-0.01978200000000019
1080,-0.015854000000000035
1081,-0.04826700000000006
1082,-0.039746999999999755
1083,-0.028700999999999866
1084,-0.023394000000000137
1085,-0.023953000000000113
1086,-0.026336000000000137
1087,-0.06126200000000015
1088,-0.042483999999999966
1089,-0.042516
1090,-0.035579999999999945
1091,-0.03562600000000016
1092,-0.02758399999999961
1093,-0.009516999999999776
1094,-0.019000999999999824
1095,-0.018367000000000022
1096,-0.022924999999999862
1097,-0.0194700000000001
1098,-0.011782999999999877
1099,-0.026233999999999646
1100,-0.013284000000000074
1101,-0.015048999999999868
1102,-0.010117000000000154
1103,-0.014797000000000171
1104,-0.018367000000000022
1105,-0.01655899999999999
1106,-0.018539000000000083
1107,-0.019807999999999826
1108,-0.01231099999999996
1109,-0.013031000000000237
1110,-0.020461000000000062
1111,-0.013252000000000042
1112,-0.016392000000000184
1113,-0.030644000000000116
1114,-0.01834699999999989
1115,-0.049049999999999816
1116,-0.028407999999999767
1117,-0.018372999999999973
1118,-0.02971199999999996
1119,-0.02417999999999987
1120,-0.03814200000000012
1121,-0.02592699999999981
1122,-0.038371000000000155
1123,-0.04148899999999989
1124,-0.024347999999999814
1125,-0.0323209999999996
1126,-0.025038000000000338
1127,-0.02910199999999996
1128,-0.02367700000000017
1129,-0.012475000000000236
1130,-0.005228999999999928
1131,-0.012284000000000184
1132,-0.022606000000000126
1133,0.0003370000000000317
1134,-0.01940300000000006
1135,-0.01962200000000003
1136,-0.018801999999999985
1137,-0.020112999999999825
1138,-0.016205999999999943
1139,-0.011481000000000297
1140,-0.013970000000000038
1141,-0.023970999999999965
1142,-0.016595000000000137
1143,-0.020696000000000048
1144,-0.015973999999999933
1145,-0.02235100000000001
1146,-0.020696999999999743
1147,-0.021056000000000186
1148,-0.019223999999999908
1149,-0.0187400000000002
1150,-0.021772999999999598
1151,-0.015776000000000234
1152,-0.017832000000000292
1153,-0.02295399999999992
1154,-0.015463000000000005
1155,-0.0185010000000001
1156,-0.02190700000000012
1157,-0.017461999999999644
1158,-0.014158000000000115
1159,-0.01601399999999975
1160,-0.01176300000000019
1161,-0.011311000000000071
1162,-0.01691699999999985
1163,-0.012395000000000156
1164,-0.011795999999999918
1165,-0.012885999999999953
1166,-0.01292699999999991
1167,-0.012466999999999562
1168,-0.014586999999999684
1169,-0.013039999999999718
1170,-0.014606000000000119
1171,-0.010202000000000044
1172,-0.013983000000000079
1173,-0.008927000000000351
1174,-0.009459999999999802
1175,-0.007141000000000286
1176,-0.007644000000000428
1177,-0.005889000000000255
1178,-0.003182999999999936
1179,-0.0023279999999998857
1180,-0.00480500000000017
1181,-0.0056040000000003864
1182,-0.003314999999999735
1183,-0.007337999999999845
1184,-0.004570000000000185
1185,-0.00836199999999998
1186,-0.002890999999999977
1187,-0.010314000000000156
1188,-0.009367000000000125
1189,-0.007972999999999786
1190,-0.008645000000000014
1191,-0.012162000000000006
1192,-0.010053999999999785
1193,-0.007951999999999959
1194,-0.012285000000000323
1195,-0.003114000000000061
1196,-0.011249000000000287
1197,-0.01771599999999962
1198,-0.012126000000000303
1199,-0.011880999999999808
1200,0.0018970000000000375
1201,-0.010086999999999957
1202,-0.011950999999999823
1203,-0.010272000000000059
1204,-0.010933999999999777
1205,-0.010932999999999637
1206,-0.015656000000000336
1207,-0.006746000000000141
1208,-0.002839000000000258
1209,0.0012579999999999814
1210,-0.0004730000000003898
1211,-0.003082000000000029
1212,0.004002000000000283
1213,0.0030599999999996186
1214,0.008042000000000105
1215,0.04328400000000032
1216,0.038629000000000246
1217,0.11183500000000013
1218,0.09302300000000008
1219,0.03894799999999998
1220,0.5110420000000002
1221,0.22590500000000002
1222,0.14834099999999983
1223,0.09466999999999981
1224,0.07419200000000004
1225,0.06658599999999959
1226,0.06223100000000015
1227,0.05349599999999999
1228,0.04801300000000008
1229,0.05465799999999987
1230,0.04093599999999986
1231,0.036839000000000066
1232,0.03801100000000002
1233,0.03677900000000012
1234,0.022716999999999654
1235,0.028308
1236,0.02608800000000011
1237,0.017885999999999846
1238,0.029685000000000183
1239,0.03535699999999986
1240,0.02096000000000009
1241,0.03515600000000019
1242,0.026180000000000092
1243,0.056691999999999965
1244,0.03297999999999979
1245,0.03340500000000013
1246,0.035953000000000124
1247,0.030025999999999886
1248,0.028712999999999766
1249,0.028027000000000246
1250,0.02427500000000027
1251,0.018590999999999802
1252,0.02382300000000015
1253,0.02118399999999987
1254,0.023065000000000335
1255,0.026263000000000147
1256,0.023276000000000074
1257,0.02241099999999996
1258,0.023757999999999946
1259,0.01955000000000018
1260,0.02515799999999979
1261,0.025683999999999596
1262,0.025056999999999885
1263,0.014072000000000084
1264,0.02042199999999994
1265,0.017570000000000086
1266,0.016440999999999928
1267,0.01730099999999979
1268,0.013541999999999721
1269,0.08746300000000007
1270,0.04072799999999965
1271,0.04807000000000006
1272,0.04382600000000014
1273,0.03793500000000005
1274,0.032405999999999935
1275,0.025936999999999877
1276,0.02613999999999983
1277,0.02483000000000013
1278,0.026937999999999906
1279,0.028538000000000174
1280,0.04993000000000025
1281,0.02804899999999977
1282,0.020294999999999952
1283,0.025007
1284,0.028042000000000122
1285,0.022699000000000247
1286,0.028821999999999903
1287,0.019503999999999966
1288,0.018553000000000264
1289,0.02125200000000005
1290,0.018762999999999863
1291,0.028907000000000238
1292,0.019276999999999767
1293,0.024421999999999944
1294,0.0249950000000001
1295,0.018336999999999826
1296,0.022391000000000272
1297,0.020750000000000046
1298,0.021169000000000437
1299,0.023941999999999908
1300,0.01786600000000016
1301,0.019803000000000015
1302,0.01580400000000015
1303,0.02251700000000012
1304,0.026281
1305,0.024178000000000033
1306,0.020472999999999963
1307,0.025795999999999708
1308,0.024154999999999927
1309,0.022861999999999938
1310,0.025022000000000322
1311,0.023832000000000075
1312,0.02343599999999979
1313,0.02302699999999991
1314,0.019251999999999825
1315,0.012693000000000065
1316,0.018998999999999988
1317,0.021221000000000156
1318,0.01979099999999967
1319,0.02512300000000023
1320,0.025254000000000332
1321,0.016891999999999907
1322,0.014032000000000266
1323,0.006699999999999928
1324,0.01964699999999997
1325,0.013417000000000012
1326,0.0033080000000000886
1327,0.01656299999999966
1328,0.010761999999999716
1329,0.017434999999999867
1330,0.010165999999999897
1331,0.013932000000000055
1332,0.012566000000000077
1333,0.015820000000000167
1334,-0.00627000000000022
1335,0.003270000000000106
1336,-0.02824099999999996
1337,-0.01827299999999976
1338,-0.012360999999999844
1339,-0.007317000000000018
1340,-0.00750200000000012
1341,-0.006103000000000414
1342,-0.007145000000000401
1343,-0.009692999999999952
1344,-0.0021970000000002265
1345,0.026019999999999932
1346,0.017840000000000078
1347,0.005069999999999908
1348,0.007822999999999691
1349,-0.0065719999999998
1350,0.005153000000000407
1351,-0.0010650000000000936
1352,0.0009049999999999336
1353,-0.007630999999999943
1354,-0.00046400000000001995
1355,-0.01393000000000022
1356,-0.0005079999999999529
1357,-0.009873999999999938
1358,-0.005854999999999944
1359,-0.00912500000000005
1360,-0.0006849999999998246
1361,-0.002486999999999906
1362,-0.0017049999999998455
1363,0.003555000000000419
1364,0.004598999999999798
1365,0.006682000000000077
1366,0.033895999999999926
1367,0.019247000000000014
1368,0.0553180000000002
1369,0.027002999999999666
1370,0.09497400000000011
1371,0.0677749999999997
1372,0.029119999999999813
1373,0.04925199999999963
1374,0.032040999999999986
1375,0.030864000000000225
1376,0.03598699999999999
1377,0.035184000000000104
1378,0.030451999999999924
1379,0.030823999999999963
1380,0.0040599999999999525
1381,0.024770999999999876
1382,0.021706000000000003
1383,0.03824200000000033
1384,-0.008715000000000028
1385,0.011346000000000078
1386,0.013109999999999733
1387,0.013206000000000273
1388,0.017012999999999945
1389,0.00835399999999975
1390,0.021933000000000202
1391,0.02396300000000018
1392,0.020890000000000075
1393,0.0007909999999999862
1394,0.018358000000000096
1395,0.017180000000000195
1396,0.0298449999999999
1397,0.02420599999999995
1398,0.04680300000000015
1399,0.03247499999999981
1400,0.06151400000000029
1401,0.03256300000000012
1402,0.03280900000000031
1403,0.023416000000000103
1404,0.01859500000000036
1405,0.014990999999999755
1406,-0.01035699999999995
1407,0.004442000000000057
1408,0.006727999999999845
1409,0.0015859999999996433
1410,-0.019484999999999975
1411,-0.03247600000000039
1412,-0.004191000000000056
1413,0.003994999999999749
1414,-0.008321999999999719
1415,-0.0038400000000002876
1416,-0.009268000000000054
1417,0.0002740000000001075
1418,-0.0026850000000000485
1419,0.021831000000000156
1420,-0.003994000000000053
1421,0.024990999999999985
1422,-0.0014969999999996375
1423,0.020310999999999968
1424,0.006488000000000049
1425,-0.00039999999999995595
1426,0.0010910000000001752
1427,0.0006360000000000809
1428,0.00695800000000002
1429,0.025266000000000233
1430,-0.004040000000000266
1431,0.007326999999999639
1432,-0.00797300000000023
1433,0.003674999999999873
1434,0.016941000000000095
1435,0.0008989999999999831
1436,0.006068999999999658
1437,0.0005150000000000432
1438,0.001448000000000338
1439,-0.0064750000000000085
1440,-0.005643000000000065
1441,-0.02057399999999987
1442,-0.01484400000000008
1443,-0.028974999999999973
1444,-0.019988000000000117
1445,-0.02962700000000007
1446,-0.030228000000000144
1447,-0.04218199999999994
1448,-0.028200000000000003
1449,-0.037662000000000084
1450,-0.03154199999999996
1451,-0.04876600000000009
1452,-0.02986500000000003
1453,-0.026855000000000295
1454,-0.019897000000000276
1455,-0.018060000000000187
1456,-0.021211999999999787
1457,-0.010871000000000297
1458,-0.011808000000000263
1459,-0.01702799999999982
1460,-0.012192999999999898
1461,-0.00989400000000007
1462,-0.013587000000000238
1463,-0.010148000000000046
1464,-0.008791999999999689
1465,-0.012216000000000005
1466,-0.01584899999999978
1467,-0.01347900000000024
1468,-0.0224899999999999
1469,-0.017445000000000377
1470,-0.053055000000000074
1471,-0.019392999999999994
1472,-0.03591999999999995
1473,-0.03355700000000006
1474,-0.03182799999999997
1475,-0.02762600000000015
1476,-0.02281600000000017
1477,-0.014889000000000152
1478,-0.027093000000000256
1479,-0.027915000000000134
1480,-0.026240999999999737
1481,-0.02117799999999992
1482,-0.023962999999999735
1483,-0.01817000000000002
1484,-0.02095400000000014
1485,-0.0065589999999997595
1486,-0.021584999999999965
1487,-0.009084000000000092
1488,-0.014154
1489,-0.014251000000000236
1490,-0.01446299999999967
1491,-0.018142000000000102
1492,-0.01760599999999979
1493,-0.011433999999999944
1494,-0.015222000000000069
1495,-0.01083600000000029
1496,-0.019449999999999967
1497,-0.012745999999999924
1498,-0.013647999999999882
1499,-0.015357000000000287
1500,-0.012319000000000191
1501,-0.01579100000000011
1502,-0.014512999999999998
1503,-0.01028399999999996
1504,-0.011959000000000053
1505,-0.009365999999999985
1506,-0.011579999999999924
1507,-0.009558000000000177
1508,-0.010407999999999973
1509,-0.012878999999999863
1510,-0.008255999999999819
1511,-0.009580000000000144
1512,-0.0072910000000003805
1513,-0.011557999999999957
1514,-0.0036800000000001276
1515,-0.009545999999999832
1516,-0.006185000000000329
1517,-0.008576000000000139
1518,-0.004554999999999865
1519,-0.0076150000000003715
1520,-0.0063990000000000435
1521,-0.0076910000000003365
1522,-0.008154999999999912
1523,-0.00586999999999982
1524,-0.004221999999999948
1525,-0.0068990000000002105
1526,-0.002359000000000222
1527,-0.007947000000000148
1528,-0.0022959999999998537
1529,-0.006295999999999857
1530,-0.013870999999999967
1531,-0.008210999999999746
1532,-0.0029160000000003627
1533,-0.006448999999999927
1534,-0.0005090000000000927
1535,-0.004999999999999893
1536,-0.0018480000000002939
1537,-0.0008839999999996628
1538,-0.0020879999999996457
1539,-0.004577000000000275
1540,-0.002262999999999682
1541,-0.0017769999999996955
1542,-0.005421999999999816
1543,-0.0006490000000001217
1544,-0.001996000000000109
1545,-0.001292000000000293
1546,-0.0021219999999999573
1547,-0.002062999999999704
1548,-0.0035959999999999326
1549,-0.0025590000000002
1550,-0.00022400000000022402
1551,0.0010390000000000121
1552,0.004769999999999719
1553,-0.00011000000000027654
1554,0.0002949999999999342
1555,-0.0012819999999997833
1556,0.0020410000000001816
1557,-0.0028890000000001415
1558,0.0014059999999997963
1559,-0.0010690000000002087
1560,-0.00029700000000021376
1561,9.199999999998099e-05
1562,0.0007709999999998551
1563,0.000284000000000173
1564,-0.002613999999999894
1565,0.006069000000000102
1566,0.002958000000000016
1567,0.00018599999999979744
1568,0.0005479999999997709
1569,0.0006339999999998014
1570,-0.0020240000000000258
1571,-0.004966000000000026
1572,-0.0020809999999999995
1573,-0.0033009999999999984
1574,0.0010810000000001097
1575,0.00029300000000009874
1576,0.0012479999999999158
1577,0.007109000000000254
1578,0.0021970000000002265
1579,0.021414000000000044
1580,0.0022240000000000038
1581,0.07879300000000011
1582,0.07204699999999997
1583,0.02760700000000016
1584,0.07591999999999999
1585,0.06183899999999998
1586,0.02558999999999978
1587,0.044871000000000105
1588,0.03389199999999981
1589,0.03135399999999988
1590,0.03213100000000013
1591,0.01897200000000021
1592,0.026337999999999973
1593,0.014801000000000286
1594,0.02600900000000017
1595,0.016737000000000002
1596,0.021490999999999705
1597,0.017125999999999753
1598,0.0129999999999999
1599,0.012280999999999764
1600,0.008392999999999873
1601,0.013271999999999728
1602,0.0063710000000001266
1603,0.0038050000000002804
1604,0.010028999999999844
1605,0.008026000000000089
1606,0.007791999999999799
1607,0.007271999999999945
1608,0.0072310000000004315
1609,0.013053999999999899
1610,0.006629999999999914
1611,0.011369000000000185
1612,0.0040279999999999205
1613,0.010645999999999933
1614,0.00048599999999998644
1615,0.004471000000000114
1616,0.011570999999999998
1617,0.003851000000000049
1618,0.0070109999999998784
1619,0.002847000000000044
1620,0.032884000000000135
1621,0.023238000000000092
1622,0.018251999999999935
1623,0.01590999999999987
1624,0.017278000000000127
1625,0.013796000000000141
1626,0.017506999999999717
1627,0.01858000000000004
1628,0.019522999999999957
1629,0.015822000000000003
1630,0.019197999999999826
1631,0.023449000000000275
1632,0.02934100000000006
1633,0.02323900000000023
1634,0.021008000000000138
1635,0.027031000000000027
1636,0.020954999999999835
1637,0.02390800000000004
1638,0.02460899999999988
1639,0.022307000000000077
1640,0.02882499999999988
1641,0.028436000000000128
1642,0.03365100000000032
1643,0.03417099999999973
1644,0.11950299999999991
1645,0.08302299999999985
1646,0.049822000000000255
1647,0.08016200000000007
1648,0.05905899999999997
1649,0.0682529999999999
1650,0.05923999999999996
1651,0.06037500000000007
1652,0.05647599999999997
1653,0.047321999999999864
1654,0.04135800000000023
1655,0.04676100000000005
1656,0.08726999999999974
1657,0.0514070000000002
1658,0.0459179999999999
1659,0.04437699999999989
1660,0.04072899999999979
1661,0.03766500000000006
1662,0.030683000000000238
1663,0.0387240000000002
1664,0.02036799999999994
1665,0.02731899999999987
1666,-0.12604599999999966
1667,-0.046317000000000164
1668,-0.21024500000000002
1669,-0.18322899999999986
1670,-0.07831400000000022
1671,-0.04886299999999988
1672,-0.0169400000000004
1673,-0.01455099999999998
1674,-0.004922999999999789
1675,0.0019569999999999865
1676,0.005707999999999824
1677,0.01638499999999965
1678,0.010565000000000158
1679,0.0122049999999998
1680,0.016675000000000217
1681,0.009870999999999963
1682,0.011649999999999938
1683,0.013361999999999874
1684,0.009402999999999828
1685,0.008621000000000212
1686,0.012451999999999686
1687,0.004890000000000061
1688,0.012823999999999725
1689,0.006786999999999654
1690,0.016691000000000233
1691,0.016964999999999897
1692,0.01740499999999967
1693,0.01446499999999995
1694,0.014889999999999848
1695,0.01405999999999974
1696,0.014645000000000241
1697,0.015128999999999948
1698,0.01298699999999986
1699,0.011330999999999758
1700,0.011636999999999897
1701,0.011426000000000158
1702,0.008675999999999906
1703,0.006391999999999953
1704,0.008880999999999695
1705,0.00820299999999996
1706,0.007766000000000162
1707,0.0020180000000000753
1708,-0.00048000000000003595
1709,0.004641999999999591
1710,0.005234000000000183
1711,0.003391000000000144
1712,0.004213000000000022
1713,0.007352999999999721
1714,0.01120399999999977
1715,0.008081999999999923
1716,0.008258999999999794
1717,0.011636999999999897
1718,0.005865000000000009
1719,0.007635000000000058
1720,0.00889300000000004
1721,0.00331899999999985
1722,0.011071000000000275
1723,0.007308999999999788
1724,0.011398999999999937
1725,0.010174999999999823
1726,0.007371999999999712
1727,0.012411999999999868
1728,0.007080999999999893
1729,0.01081999999999983
1730,0.013114000000000292
1731,0.01749899999999993
1732,0.011668000000000234
1733,0.010380999999999752
1734,0.009843000000000046
1735,0.006898999999999766
1736,0.008642000000000039
1737,0.006076999999999888
1738,0.012958999999999943
1739,0.008054000000000006
1740,0.01005400000000023
1741,0.011319999999999997
1742,0.0121509999999998
1743,0.014962999999999838
1744,0.01223200000000002
1745,0.012159000000000031
1746,0.00757399999999997
1747,0.011272000000000393
1748,0.008856999999999893
1749,0.009251000000000342
1750,0.011209000000000024
1751,0.010794000000000192
1752,0.014912999999999954
1753,0.010388000000000286
1754,0.010545000000000027
1755,0.008664000000000005
1756,0.01161700000000021
1757,0.009547999999999668
1758,0.009266000000000219
1759,0.0064750000000000085
1760,0.008201000000000125
1761,0.009030000000000094
1762,0.009180000000000188
1763,0.005902999999999992
1764,0.012385999999999786
1765,0.004408999999999885
1766,0.005666999999999867
1767,0.011141999999999985
1768,0.004528999999999783
1769,0.0048280000000002765
1770,0.008147999999999822
1771,0.004628999999999994
1772,0.009107000000000198
1773,0.007781000000000038
1774,0.006375000000000242
1775,0.008483000000000018
1776,0.009433000000000025
1777,0.007411999999999974
1778,0.006069000000000102
1779,0.00649299999999986
1780,0.003386000000000333
1781,0.0036049999999998583
1782,0.007653000000000354
1783,0.006673999999999847
1784,0.0036610000000001364
1785,0.006627999999999634
1786,0.0068150000000000155
1787,0.002405999999999686
1788,0.005049000000000081
1789,0.005641000000000229
1790,0.00548700000000002
1791,0.008707999999999938
1792,0.008502999999999705
1793,0.011702000000000101
1794,0.0104289999999998
1795,0.00913800000000009
1796,0.009838999999999931
1797,0.008948999999999874
1798,0.00797300000000023
1799,0.009508000000000294
1800,0.0004610000000000447
1801,0.00774000000000008
1802,0.0017220000000000013
1803,0.008545999999999943
1804,-0.0014220000000002564
1805,0.009439999999999671
1806,0.0019080000000002428
1807,0.019302999999999848
1808,0.005364000000000146
1809,0.013805000000000067
1810,0.02651300000000001
1811,0.014818999999999694
1812,0.022043000000000035
1813,0.01553799999999983
1814,0.00858499999999962
1815,0.02274300000000018
1816,0.018091999999999775
1817,0.024148999999999976
1818,0.014565999999999857
1819,0.019733
1820,0.01874600000000015
1821,0.021310000000000162
1822,0.023176000000000307
1823,0.029607999999999635
1824,0.022291999999999756
1825,0.022780000000000022
1826,0.02631799999999984
1827,0.032636999999999805
1828,0.027115999999999918
1829,0.07732300000000025
1830,0.04307799999999995
1831,0.051512000000000224
1832,0.040600000000000414
1833,0.026635999999999882
1834,0.04443899999999967
1835,0.030012999999999845
1836,0.03505199999999986
1837,0.02290499999999973
1838,0.028634999999999966
1839,0.025404999999999678
1840,0.023463999999999707
1841,0.023557999999999968
1842,0.024866000000000277
1843,0.02120999999999995
1844,0.025529000000000135
1845,0.0228900000000003
1846,0.01772100000000032
1847,0.021279999999999966
1848,-0.012344000000000133
1849,0.014454999999999885
1850,-0.12267699999999992
1851,-0.041602999999999835
1852,-0.008716000000000168
1853,-0.033113999999999866
1854,0.0011120000000000019
1855,-0.0020609999999998685
1856,-0.0047039999999998194
1857,-0.007127999999999801
1858,0.006616000000000177
1859,0.0019520000000001758
1860,0.002583000000000002
1861,0.005597000000000296
1862,-0.006683999999999912
1863,0.004623000000000044
1864,-0.00042600000000003746
1865,0.00440700000000005
1866,0.004812999999999956
1867,0.0008210000000001827
1868,0.001806999999999892
1869,0.005889999999999951
1870,-0.006825999999999777
1871,-0.0066829999999997725
1872,-0.00034599999999995745
1873,-0.020871000000000084
1874,-0.004002000000000283
1875,-0.26193500000000025
1876,-0.06593900000000019
1877,-0.034856
1878,-0.07177899999999982
1879,-0.033474000000000004
1880,-0.03008999999999995
1881,-0.027808999999999973
1882,-0.02411999999999992
1883,-0.01344499999999993
1884,-0.010400000000000187
1885,-0.015711999999999726
1886,-0.014803999999999817
1887,-0.013317999999999941
1888,-0.012910999999999895
1889,-0.019137999999999877
1890,-0.024200999999999695
1891,-0.018780999999999715
1892,-0.029418000000000166
1893,-0.02031699999999992
1894,-0.05487500000000001
1895,-0.02523900000000001
1896,-0.05099700000000018
1897,-0.029302000000000383
1898,-0.024481999999999893
1899,-0.023389000000000326
1900,-0.01146400000000014
1901,-0.015375000000000139
1902,-0.017079999999999984
1903,-0.009759999999999991
1904,-0.014958999999999723
1905,-0.04991700000000021
1906,-0.016759999999999664
1907,-0.046780000000000044
1908,-0.026498000000000133
1909,-0.048937999999999704
1910,-0.04428500000000035
1911,-0.03881700000000032
1912,-0.040381
1913,-0.028629000000000016
1914,-0.03166899999999995
1915,-0.015365999999999769
1916,-0.02383500000000005
1917,-0.026610000000000245
1918,-0.022250000000000103
1919,-0.025431000000000203
1920,-0.01946199999999987
1921,-0.023841
1922,-0.020639000000000074
1923,-0.025199000000000193
1924,-0.020755999999999997
1925,-0.02034799999999981
1926,-0.02375499999999997
1927,-0.017295000000000282
1928,-0.020625000000000338
1929,-0.024448000000000025
1930,-0.02360300000000004
1931,-0.014276000000000177
1932,-0.01934300000000011
1933,-0.017005999999999855
1934,-0.014172999999999991
1935,-0.01238500000000009
1936,-0.013206999999999969
1937,-0.009945000000000093
1938,-0.01453799999999994
1939,-0.014415000000000067
1940,-0.005853000000000108
1941,-0.013015999999999917
1942,-0.010159999999999947
1943,-0.010721999999999898
1944,-0.01176099999999991
1945,-0.017031999999999936
1946,-0.015044999999999753
1947,-0.016662000000000177
1948,-0.016131000000000117
1949,-0.013992000000000004
1950,-0.014091000000000076
1951,-0.014745999999999704
1952,-0.011098000000000052
1953,-0.013133999999999979
1954,-0.008710999999999913
1955,-0.010457999999999856
1956,-0.008143000000000011
1957,-0.008399999999999963
1958,-0.008823000000000025
1959,-0.006863999999999759
1960,-0.007397999999999794
1961,-0.0043679999999999275
1962,-0.007913999999999977
1963,-0.005452000000000012
1964,-0.005307999999999868
1965,-0.0046760000000003465
1966,-0.003988000000000103
1967,-0.0022340000000000693
1968,-0.0015179999999999083
1969,-0.0027360000000000717
1970,0.0009229999999997851
1971,-0.0015529999999999156
1972,-6.000000000039307e-05
1973,0.0010790000000002742
1974,-0.00805699999999998
1975,0.0005540000000001655
1976,-0.0015480000000001048
1977,-0.0009919999999996598
1978,-0.0020530000000000825
1979,0.0014560000000001239
1980,-0.0004819999999998714
1981,0.003106999999999971
1982,0.004099000000000075
1983,0.0025559999999997807
1984,0.0006059999999998844
1985,0.0028440000000000687
1986,0.0027319999999999567
1987,0.0021689999999998655
1988,0.0032360000000002387
1989,-0.0005570000000001407
1990,0.0015500000000003844
1991,0.0005020000000000024
1992,0.0006260000000000154
1993,0.002018999999999771
1994,-0.002210999999999963
1995,0.0010950000000002902
1996,0.00255099999999997
1997,-0.0017620000000002634
1998,0.0013410000000000366
1999,-0.0016089999999997495
2000,-0.0033649999999996183
2001,-0.0005180000000000184
2002,-0.001992000000000438
2003,-0.0032849999999999824
2004,-0.0037490000000000023
2005,-0.0013659999999999783
2006,-0.004617000000000093
2007,-0.005827000000000027
2008,-0.006172000000000288
2009,-0.002097999999999711
2010,-0.004843000000000153
2011,-0.005015999999999909
2012,0.0002369999999998207
2013,-0.0008809999999996876
2014,0.0004929999999996326
2015,0.003334999999999866
2016,0.0011580000000002144
2017,0.005711999999999939
2018,0.019421999999999606
2019,0.005473999999999979
2020,0.0258560000000001
2021,0.0096090000000002
2022,0.008300999999999892
2023,0.01556000000000024
2024,0.011553000000000146
2025,0.005597999999999992
2026,0.006701000000000068
2027,0.006712999999999969
2028,0.0062229999999998675
2029,0.0013440000000000119
2030,0.00041499999999983217
2031,0.0007699999999997154
2032,0.0049040000000002415
2033,-0.018708999999999865
2034,-0.0022729999999997474
2035,-0.011142999999999681
2036,-0.009149000000000296
2037,-0.014415000000000067
2038,-0.00734199999999996
2039,-0.005763999999999658
2040,-0.005311000000000288
2041,-0.007702000000000098
2042,-0.0023610000000000575
2043,-0.00804000000000027
2044,-0.003337999999999841
2045,-0.009634000000000142
2046,-0.0059709999999997265
2047,-0.009380999999999862
2048,-0.0030529999999999724
2049,-0.006548999999999694
2050,0.00013099999999965917
2051,-0.0035039999999999516
2052,-0.004929000000000183
2053,0.0015910000000003421
2054,0.0003859999999997754
2055,-0.008179999999999854
2056,-0.00015300000000006975
2057,-0.0024999999999999467
2058,0.00015300000000006975
2059,-0.002906999999999993
2060,-0.0013929999999997555
2061,0.0009649999999998826
2062,0.002453999999999734
2063,0.0012929999999999886
2064,0.0013839999999998298
2065,0.0033089999999997843
2066,-0.0027449999999999974
2067,0.0059109999999997775
2068,0.0004179999999998074
2069,-0.00024500000000005073
2070,0.001638999999999946
2071,-7.000000000090267e-06
2072,0.0010270000000001112
2073,-0.00231099999999973
2074,-7.00000000000145e-05
2075,-0.0029570000000003205
2076,6.800000000017903e-05
2077,-0.004830000000000112
2078,-0.004050999999999583
2079,-0.005371999999999932
2080,-0.0027129999999999654
2081,-0.0039639999999998565
2082,0.0009939999999999394
2083,-0.004202999999999957
2084,-0.003001999999999949
2085,0.00016900000000008575
2086,-0.003538000000000263
2087,0.0019420000000001103
2088,-0.0003750000000000142
2089,-0.0014440000000002229
2090,0.0019010000000001526
2091,-0.0017059999999999853
2092,-0.0016840000000000188
2093,0.0004189999999999472
2094,-0.0019520000000001758
2095,0.0005309999999996151
2096,-0.004769000000000023
2097,-0.0003009999999998847
2098,-0.0010159999999999059
2099,-0.0022519999999999207
2100,-0.0010069999999999801
2101,-9.300000000012076e-05
2102,0.0019889999999995744
2103,-0.001967000000000052
2104,-0.0016510000000002911
2105,0.001739000000000157
2106,-0.0007929999999998216
2107,-0.0005180000000000184
2108,-0.0009179999999999744
2109,2.6000000000081513e-05
2110,0.0010190000000003252
2111,-0.0006910000000002192
2112,0.0023879999999998347
2113,-0.0018250000000001876
2114,0.00020799999999976393
2115,-0.0004460000000001685
2116,-0.001222999999999974
2117,0.00036200000000041754
2118,-0.00032900000000024576
2119,0.0007690000000000197
2120,-0.0038170000000001814
2121,0.0012140000000000484
2122,-0.0018240000000000478
2123,-0.001432000000000322
2124,-0.0012379999999998503
2125,-4.500000000007276e-05
2126,5.199999999971894e-05
2127,0.0009480000000001709
2128,0.0017420000000001323
2129,-0.0031159999999998966
2130,0.0023769999999996294
2131,-0.002344000000000346
2132,-0.0014680000000000248
2133,0.000408000000000186
2134,-0.0022169999999999135
2135,0.0001390000000003333
2136,-0.0008989999999999831
2137,-0.0004610000000000447
2138,-0.0027490000000001125
2139,-0.00027600000000038705
2140,-0.003803000000000001
2141,-0.003338000000000285
2142,-0.0018159999999998178
2143,-0.0034129999999996663
2144,-0.0028900000000002812
2145,-0.002666000000000057
2146,-0.0017610000000001236
2147,-0.003743000000000052
2148,0.0003340000000000565
2149,0.00044300000000019324
2150,0.00043700000000024275
2151,-0.0008149999999997881
2152,0.0043159999999997645
2153,-0.00046400000000001995
2154,0.0014050000000001006
2155,-0.00033100000000008123
2156,0.003665999999999947
2157,0.0007850000000000357
2158,0.0013060000000000294
2159,-0.00021100000000018326
2160,0.003821999999999992
2161,-0.0009549999999998171
2162,0.0001829999999998222
2163,0.0007699999999997154
2164,-0.0028290000000001925
2165,-0.0008010000000000517
2166,0.001206999999999958
2167,-0.004145999999999983
2168,0.0004830000000000112
2169,-0.001710999999999796
2170,-0.00033500000000019625
2171,-0.003546000000000049
2172,0.00048100000000017573
2173,-0.0002690000000002968
2174,-0.0024489999999999235
2175,-0.00020299999999995322
2176,-0.00021899999999996922
2177,0.00018300000000026628
2178,-0.0020039999999998948
2179,-0.0011309999999999931
2180,0.00039200000000017
2181,-0.002108000000000221
2182,-0.0013019999999999143
2183,-0.0010639999999999539
2184,-0.006329999999999725
2185,0.0003289999999998017
2186,0.0005749999999999922
2187,0.0027479999999999727
2188,0.003071000000000268
2189,0.0018530000000001046
2190,0.0021320000000000228
2191,0.006591999999999931
2192,0.0013900000000002244
2193,0.005346999999999991
2194,0.004783000000000204
2195,0.003442000000000167
2196,0.004377999999999993
2197,-0.0021770000000000955
2198,0.0025919999999999277
2199,-0.03684899999999969
2200,-0.009234000000000187
2201,-0.011552999999999702
2202,-0.024826000000000015
2203,-0.02103799999999989
2204,-0.01284200000000002
2205,-0.01993899999999993
2206,-0.019589999999999996
2207,-0.01681200000000027
2208,-0.009767999999999777
2209,-0.023995999999999906
2210,-0.01153599999999999
2211,-0.022314000000000167
2212,-0.02181899999999981
2213,-0.007363999999999926
2214,-0.041478000000000126
2215,-0.021634000000000153
2216,-0.06483599999999967
2217,-0.022162999999999933
2218,-0.029621999999999815
2219,-0.01570500000000008
2220,-0.016262999999999916
2221,-0.016751999999999878
2222,-0.009086000000000372
2223,-0.008324999999999694
2224,-0.010264999999999969
2225,-0.006912000000000251
2226,-0.008903999999999801
2227,-0.0063870000000001426
2228,-0.01077000000000039
2229,-0.013700000000000045
2230,-0.017641999999999936
2231,-0.017065999999999804
2232,-0.018997000000000153
2233,-0.022480999999999973
2234,-0.021903000000000006
2235,-0.021646000000000054
2236,-0.025793999999999873
2237,-0.017612000000000183
2238,-0.01818699999999973
2239,-0.01971299999999987
2240,-0.04041300000000003
2241,-0.028633999999999826
2242,-0.024133000000000404
2243,-0.029109999999999747
2244,-0.02065399999999995
2245,-0.020080000000000098
2246,-0.01618200000000014
2247,-0.016595000000000137
2248,-0.026271000000000377
2249,-0.019845000000000113
2250,-0.020831000000000266
2251,-0.026577000000000073
2252,-0.024080999999999797
2253,-0.022381000000000206
2254,-0.02065899999999976
2255,-0.019399000000000388
2256,-0.016717000000000315
2257,-0.015127000000000113
2258,-0.017606999999999928
2259,-0.014129000000000058
2260,-0.02260099999999987
2261,-0.01291899999999968
2262,-0.015446999999999989
2263,-0.013430000000000053
2264,-0.015687999999999924
2265,-0.025764999999999816
2266,-0.017180000000000195
2267,-0.0162469999999999
2268,-0.017361999999999878
2269,-0.013669999999999849
2270,-0.01653699999999958
2271,-0.011951999999999963
2272,-0.013874999999999638
2273,-0.011934999999999807
2274,-0.013293
2275,-0.011444999999999705
2276,-0.014532999999999685
2277,-0.013413000000000341
2278,-0.018663000000000096
2279,-0.017711000000000254
2280,-0.016110999999999986
2281,-0.0196550000000002
2282,-0.016504000000000296
2283,-0.012707999999999942
2284,-0.01477499999999976
2285,-0.012032000000000043
2286,-0.01100000000000012
2287,-0.009792999999999719
2288,-0.011953000000000102
2289,-0.0072110000000003005
2290,-0.010235999999999912
2291,-0.008499000000000034
2292,-0.0070390000000002395
2293,-0.009182000000000023
2294,-0.008245000000000058
2295,-0.006972999999999896
2296,-0.011336000000000013
2297,-0.007033999999999985
2298,-0.007524000000000086
2299,-0.007438000000000056
2300,-0.006410000000000249
2301,-0.008376000000000161
2302,-0.0060629999999997075
2303,-0.005087999999999759
2304,-0.00649999999999995
2305,-0.006337999999999955
2306,-0.006158000000000108
2307,-0.004305000000000003
2308,-0.005191999999999641
2309,-0.003153999999999879
2310,-0.00634200000000007
2311,-0.0072670000000001345
2312,-0.006561999999999735
2313,-0.00563899999999995
2314,-0.008938000000000113
2315,-0.0056429999999996205
2316,-0.009015000000000217
2317,-0.009103000000000083
2318,-0.004977999999999927
2319,-0.0042599999999999305
2320,-0.006044999999999856
2321,-0.014739000000000058
2322,-0.005949000000000204
2323,-0.0010979999999998213
2324,-0.003330000000000055
2325,-0.005290999999999713
2326,-0.003406999999999716
2327,-0.0008839999999996628
2328,-0.007452999999999932
2329,0.0015049999999998676
2330,-0.00394400000000017
2331,-0.003347000000000211
2332,0.0006630000000003022
2333,-0.0017479999999996387
2334,0.0009879999999999889
2335,0.0006009999999996296
2336,0.0021570000000004086
2337,0.001432000000000322
2338,0.0007690000000000197
2339,-0.0010730000000003237
2340,-0.0027879999999997906
2341,0.0006970000000001697
2342,-0.0029520000000000657
2343,0.00031200000000009
2344,-0.0006689999999998086
2345,0.0018559999999996357
2346,-0.0026599999999996626
2347,-0.00016000000000016001
2348,-0.0016090000000001936
2349,-0.0012240000000001139
2350,-0.0015080000000002869
2351,-0.001931000000000349
2352,-0.009300000000000086
2353,-0.0036810000000002674
2354,-0.004858000000000029
2355,-0.003609999999999669
2356,-0.004042000000000101
2357,-0.004582000000000086
2358,-0.0025140000000001272
2359,-0.0026679999999998927
2360,-0.0027010000000000645
2361,-0.0031720000000001747
2362,-0.0037770000000003634
2363,-0.0022920000000001828
2364,-0.0016720000000001178
2365,-0.0015780000000003014
2366,-0.0014060000000002404
2367,-0.0014639999999999098
2368,-0.0017659999999999343
2369,-0.0032250000000000334
2370,0.0008110000000001172
2371,-0.004615000000000258
2372,-0.0048040000000000305
2373,-0.001136000000000248
2374,-0.0050960000000004335
2375,-0.0027919999999999057
2376,-0.0034319999999996575
2377,-0.0047760000000001135
2378,-0.006065999999999683
2379,-0.003039000000000236
2380,-0.007070000000000132
2381,-0.0046640000000000015
2382,-0.004201999999999817
2383,-0.005344000000000015
2384,-0.0047199999999998354
2385,-0.004160000000000164
2386,-0.003675000000000317
2387,-0.006330000000000169
2388,-0.0044640000000000235
2389,-0.005735000000000046
2390,-0.0067989999999999995
2391,-0.0028039999999998066
2392,-0.0043880000000000585
2393,-0.004694000000000198
2394,-0.003944999999999865
2395,-0.006212999999999802
2396,-0.0015529999999999156
2397,-0.006273000000000195
2398,-0.00665300000000002
2399,-0.005508999999999986
2400,-0.005123000000000211
2401,-0.005905999999999967
2402,-0.0049800000000002065
2403,-0.003290000000000237
2404,-0.005281999999999787
2405,-0.0037039999999999296
2406,-0.0030850000000000044
2407,-0.004036999999999846
2408,-0.00027199999999982793
2409,-0.002574999999999772
2410,0.00031900000000018025
2411,-0.004169999999999785
2412,0.0013679999999998138
2413,-0.0005069999999998132
2414,0.002286999999999928
2415,-0.0007470000000000532
2416,0.0013100000000001444
2417,0.0024530000000000385
2418,-0.002286999999999928
2419,0.004758999999999958
2420,-0.00010600000000016152
2421,-0.0021810000000002105
2422,0.0026540000000001562
2423,-0.002003000000000199
2424,-0.0005489999999999107
2425,-0.003295000000000048
2426,0.0011170000000002567
2427,-0.006203000000000181
2428,0.013002999999999876
2429,0.005488999999999855
2430,0.0013130000000001196
2431,0.004645999999999706
2432,0.0019239999999998147
2433,0.002890999999999977
2434,0.0024180000000000312
2435,0.003917999999999644
2436,0.003654999999999742
2437,0.00039999999999995595
2438,0.007957000000000214
2439,0.001742999999999828
2440,0.01816899999999988
2441,0.003449999999999953
2442,0.003809999999999647
2443,0.0049879999999999924
2444,0.00347799999999987
2445,0.001402999999999821
2446,-0.0005370000000000097
2447,0.0005560000000000009
2448,0.001956000000000291
2449,0.0002830000000000332
2450,-0.002291000000000043
2451,0.012402999999999942
2452,0.0065830000000000055
2453,-0.0007850000000000357
2454,0.062195999999999696
2455,0.021751000000000076
2456,1.0697940000000004
2457,0.09392899999999971
2458,0.07700400000000007
2459,0.09593399999999974
2460,0.03452600000000006
2461,0.05530000000000035
2462,0.04287999999999981
2463,0.032922999999999814
2464,0.033255000000000035
2465,0.025349999999999984
2466,0.02660299999999971
2467,0.02093299999999987
2468,0.016872999999999916
2469,0.021113999999999855
2470,0.024181000000000008
2471,0.02164799999999989
2472,0.019074000000000257
2473,0.023572999999999844
2474,0.017525000000000013
2475,0.020097000000000254
2476,0.01974700000000018
2477,0.017940999999999985
2478,0.015047000000000033
2479,0.012971999999999984
2480,0.01470600000000033
2481,0.013226999999999656
2482,0.01800299999999977
2483,0.020855000000000068
2484,0.012807000000000013
2485,0.014810999999999908
2486,0.015942999999999596
2487,0.01743400000000017
2488,0.009539999999999882
2489,0.013813999999999993
2490,0.01113199999999992
2491,0.010384999999999867
2492,0.010686999999999891
2493,0.011242999999999892
2494,0.01415799999999967
2495,0.008061999999999792
2496,0.01400200000000007
2497,0.0137830000000001
2498,0.017066999999999943
2499,0.010530999999999846
2500,0.016897000000000162
2501,0.017120999999999942
2502,0.0163420000000003
2503,0.015693999999999875
2504,0.01653199999999977
2505,0.0183939999999998
2506,0.014899999999999913
2507,0.02027999999999963
2508,0.013430000000000053
2509,0.016056999999999988
2510,0.010094000000000047
2511,0.014469000000000065
2512,0.01014399999999993
2513,0.012375000000000025
2514,0.01129300000000022
2515,0.011959000000000053
2516,0.011786999999999992
2517,0.007588999999999846
2518,0.00997099999999973
2519,0.005249000000000059
2520,0.009444999999999926
2521,0.006205000000000016
2522,0.007655999999999885
2523,0.0062709999999999155
2524,0.006749999999999812
2525,0.004538999999999849
2526,0.004731999999999736
2527,0.005256999999999845
2528,0.007286000000000126
2529,0.007141000000000286
2530,0.004310999999999954
2531,0.00649999999999995
2532,0.003754999999999953
2533,0.005757000000000012
2534,0.005151000000000128
2535,0.0065669999999999895
2536,0.008561999999999959
2537,0.006890000000000285
2538,0.0036040000000001626
2539,0.005465000000000053
2540,0.004051000000000027
2541,0.005748999999999782
2542,0.005541999999999714
2543,0.004525000000000112
2544,0.005183999999999855
2545,0.005285999999999902
2546,0.005327999999999999
2547,0.0060229999999998896
2548,0.006689999999999863
2549,0.004452999999999818
2550,0.004814000000000096
2551,0.0033280000000002197
2552,0.005589999999999762
2553,0.004260999999999626
2554,0.004999000000000198
2555,0.0036480000000000956
2556,0.005380000000000162
2557,0.003894000000000286
2558,0.004122999999999877
2559,0.005923000000000123
2560,8.60000000000305e-05
2561,0.0067330000000001
2562,0.004158000000000328
2563,0.004302999999999724
2564,0.005549999999999944
2565,0.004375000000000018
2566,0.005994000000000277
2567,0.00347900000000001
2568,0.007664000000000115
2569,0.0015849999999999476
2570,0.006120999999999821
2571,0.0010179999999997413
2572,0.0037319999999998466
2573,0.0031440000000002577
2574,0.0031999999999996476
2575,0.0016289999999998805
2576,0.003801999999999861
2577,0.0004390000000000782
2578,0.004424999999999901
2579,0.0020409999999997375
2580,0.005441999999999947
2581,0.0006319999999999659
2582,0.004309999999999814
2583,0.004024999999999945
2584,0.0024329999999999075
2585,0.008744000000000085
2586,0.002194999999999947
2587,0.005119999999999791
2588,0.009006000000000292
2589,0.0045479999999997744
2590,0.00394199999999989
2591,0.005559000000000314
2592,0.004004999999999814
2593,0.006908999999999832
2594,0.003210999999999853
2595,0.006060999999999872
2596,0.005824000000000051
2597,0.005408999999999775
2598,0.006292000000000186
2599,0.003495000000000026
2600,0.005946999999999925
2601,0.002742999999999718
2602,0.006184999999999885
2603,0.002345999999999737
2604,0.0020210000000000505
2605,0.005548999999999804
2606,0.001056000000000168
2607,0.004010999999999765
2608,0.0020859999999998102
2609,0.002010999999999985
2610,0.003890000000000171
2611,0.0014490000000000336
2612,0.0011679999999998358
2613,0.003662999999999972
2614,0.0039009999999999323
2615,0.0012360000000000149
2616,0.004601000000000077
2617,0.0028100000000002012
2618,0.0019179999999998643
2619,0.003725999999999896
2620,0.0007609999999997896
2621,0.0026329999999998854
2622,0.0033759999999998236
2623,0.0003230000000002953
2624,0.004846999999999824
2625,0.003099000000000185
2626,0.008249999999999869
2627,0.006011999999999684
2628,0.0019400000000002748
2629,0.0050400000000001555
2630,0.0007090000000000707
2631,0.003938000000000219
2632,0.003890999999999867
2633,0.004910999999999888
2634,0.0032570000000000654
2635,0.0040439999999999365
2636,0.005114000000000285
2637,0.005937999999999999
2638,0.0038039999999996965
2639,-0.0007220000000001114
2640,0.005818000000000101
2641,0.0038370000000003124
2642,0.002869999999999706
2643,0.004386000000000223
2644,0.004977999999999927
2645,0.0035769999999999413
2646,0.004140999999999728
2647,0.002966999999999942
2648,0.0031960000000004207
2649,0.003298999999999719
2650,0.0054280000000002104
2651,0.002571000000000101
2652,0.003565999999999736
2653,0.0032879999999999576
2654,0.0023919999999999497
2655,0.002737999999999907
2656,0.003454000000000068
2657,0.003419000000000061
2658,0.003810000000000091
2659,0.004589999999999872
2660,0.0027029999999999
2661,0.0031159999999998966
2662,0.002798999999999996
2663,0.004814999999999792
2664,0.0029849999999997934
2665,-0.00013100000000010326
2666,0.0038879999999998915
2667,0.008998999999999757
2668,0.004089999999999705
2669,0.018224999999999714
2670,0.003690000000000193
2671,-0.009113000000000149
2672,0.0009779999999999234
2673,0.004626000000000019
2674,-0.005980000000000096
2675,0.0006980000000003095
2676,-0.003347000000000211
2677,-0.0017420000000001323
2678,0.0010119999999997908
2679,0.004831000000000252
2680,0.002847000000000044
2681,0.004104999999999581
2682,0.00835700000000017
2683,0.006399999999999739
2684,-0.0022890000000002075
2685,0.007103999999999999
2686,0.004216999999999693
2687,0.008760999999999797
2688,0.005152999999999963
2689,0.007866000000000373
2690,0.010186000000000028
2691,0.0061149999999998705
2692,0.003386000000000333
2693,0.004251000000000005
2694,0.0026329999999998854
2695,0.006977000000000011
2696,0.0026039999999998287
2697,0.004620999999999764
2698,0.002279000000000142
2699,0.005482000000000209
2700,0.001406999999999936
2701,0.002555000000000085
2702,0.0032760000000000566
2703,0.005773000000000028
2704,0.0002690000000002968
2705,0.003222000000000058
2706,0.0016730000000002576
2707,-0.001136000000000248
2708,0.002882000000000051
2709,0.004277999999999782
2710,0.003047000000000022
2711,0.0011120000000000019
2712,0.004382999999999804
2713,0.0036760000000000126
2714,0.004226000000000063
2715,0.004337000000000035
2716,0.003854000000000024
2717,0.004626999999999715
2718,0.005839999999999623
2719,0.004202000000000261
2720,0.003942999999999586
2721,0.003059000000000367
2722,0.004753000000000007
2723,0.0037769999999999193
2724,0.005962000000000245
2725,0.0049080000000003565
2726,0.005781000000000258
2727,0.00665400000000016
2728,0.006854000000000138
2729,0.004890000000000061
2730,0.00805800000000012
2731,-0.006820999999999966
2732,0.0072270000000003165
2733,0.00727499999999992
2734,0.007776000000000227
2735,0.008538000000000157
2736,0.00844099999999992
2737,0.009240000000000137
2738,0.008446000000000176
2739,0.00766100000000014
2740,0.008931000000000022
2741,0.0044720000000002536
2742,0.010693999999999981
2743,0.006200000000000205
2744,0.009424999999999795
2745,0.007336000000000009
2746,0.00672499999999987
2747,0.009883000000000308
2748,0.009177999999999908
2749,0.006813999999999876
2750,0.005698999999999899
2751,0.0025569999999999204
2752,0.009797999999999973
2753,0.006213000000000246
2754,0.011271000000000253
2755,0.004189999999999916
2756,0.008132999999999946
2757,0.009906999999999666
2758,0.010280000000000289
2759,0.006993000000000027
2760,0.0073430000000000994
2761,0.00912399999999991
2762,0.006712999999999969
2763,0.00936300000000001
2764,0.0068269999999999165
2765,0.0065110000000001556
2766,0.007394000000000123
2767,0.007727000000000039
2768,0.005848999999999993
2769,0.004906999999999773
2770,0.005641000000000229
2771,0.007068999999999992
2772,0.005953000000000319
2773,0.004685000000000272
2774,0.007395999999999958
2775,0.003031000000000006
2776,0.0066229999999998235
2777,0.0044879999999998255
2778,0.0038249999999999673
2779,0.005735999999999741
2780,0.004967999999999861
2781,0.003678999999999988
2782,0.0036519999999997665
2783,0.007013000000000158
2784,0.002334999999999976
2785,0.006823999999999941
2786,0.0037720000000001086
2787,0.006193000000000115
2788,0.0041599999999997195
2789,0.009095999999999993
2790,0.0071430000000001215
2791,0.008755999999999986
2792,0.010133999999999865
2793,0.007568000000000019
2794,0.012580000000000258
2795,0.009482999999999908
2796,0.010653000000000024
2797,0.010635000000000172
2798,0.013720000000000176
2799,0.010470999999999897
2800,0.01871400000000012
2801,0.014371000000000134
2802,0.01576999999999984
2803,0.012035999999999714
2804,0.013295999999999975
2805,0.01562800000000042
2806,0.01198699999999997
2807,0.01275599999999999
2808,0.008685000000000276
2809,0.012786999999999882
2810,0.009081000000000117
2811,0.010394000000000236
2812,0.0069189999999998975
2813,0.007071999999999967
2814,0.008617000000000097
2815,0.004221999999999948
2816,0.007757999999999932
2817,0.003543000000000074
2818,-0.0014559999999996798
2819,0.002898000000000067
2820,0.005344000000000015
2821,0.0026720000000000077
2822,0.005002000000000173
2823,0.003454000000000068
2824,0.004157999999999884
2825,0.007735999999999965
2826,0.0049719999999999764
2827,0.00532699999999986
2828,0.008186999999999944
2829,0.0033759999999998236
2830,0.007709000000000188
2831,0.004945000000000199
2832,0.007881000000000249
2833,0.006609999999999783
2834,0.007757999999999932
2835,0.0060629999999997075
2836,0.009892000000000234
2837,0.010191999999999979
2838,0.018823999999999952
2839,0.01268500000000028
2840,0.022996000000000016
2841,0.00967199999999968
2842,0.011031000000000013
2843,0.011592999999999964
2844,0.011795999999999918
2845,0.01245400000000041
2846,0.015130000000000088
2847,0.013940000000000285
2848,0.011705000000000076
2849,0.009806999999999899
2850,0.012197999999999709
2851,0.010619999999999852
2852,0.018908000000000147
2853,0.008521
2854,0.012032000000000043
2855,0.00889899999999999
2856,0.010559999999999903
2857,0.010684999999999611
2858,0.013759999999999994
2859,0.009380999999999862
2860,0.010091000000000072
2861,0.010078000000000031
2862,0.00959000000000021
2863,0.012401999999999802
2864,0.008856999999999893
2865,0.009495999999999949
2866,0.01097999999999999
2867,0.008472000000000257
2868,0.014534000000000269
2869,0.00944900000000004
2870,0.011619000000000046
2871,0.010254000000000207
2872,0.009793000000000163
2873,0.00795599999999963
2874,0.0115949999999998
2875,0.008745000000000225
2876,0.011420000000000208
2877,0.008636000000000088
2878,0.008926000000000212
2879,0.009246000000000087
2880,0.00928400000000007
2881,0.009736999999999885
2882,0.009300000000000086
2883,0.00819700000000001
2884,0.011638000000000037
2885,0.009786000000000072
2886,0.009179999999999744
2887,0.00812299999999988
2888,0.009333999999999953
2889,0.007932999999999968
2890,0.011065999999999576
2891,0.0067669999999999675
2892,0.010067999999999966
2893,0.009371999999999936
2894,0.01020500000000002
2895,0.00842199999999993
2896,0.007598000000000216
2897,0.01036199999999976
2898,0.009072999999999887
2899,0.008217999999999837
2900,0.009647999999999879
2901,0.006295999999999857
2902,0.008322000000000163
2903,0.007112000000000229
2904,0.008354000000000195
2905,0.007495999999999725
2906,0.007317000000000018
2907,0.00851500000000005
2908,0.0076110000000002564
2909,0.007574999999999665
2910,0.010070999999999941
2911,0.007188000000000194
2912,0.008166999999999813
2913,0.007248000000000143
2914,0.012049999999999894
2915,0.006869000000000014
2916,0.009913999999999756
2917,0.006224999999999703
2918,0.00796600000000014
2919,0.00920399999999999
2920,0.008738000000000135
2921,0.006304000000000087
2922,0.008693999999999757
2923,0.006283999999999956
2924,0.010037000000000074
2925,0.009917000000000176
2926,0.0079769999999999
2927,0.0066389999999998395
2928,0.010175999999999963
2929,0.00927900000000026
2930,0.008491999999999944
2931,0.008534999999999737
2932,0.008815999999999935
2933,0.008882999999999974
2934,0.008742999999999945
2935,0.007681999999999967
2936,0.008560000000000123
2937,0.009193999999999924
2938,0.008275000000000254
2939,0.008830000000000116
2940,0.008977000000000235
2941,0.00835700000000017
2942,0.009233000000000047
2943,0.008162000000000003
2944,0.00936199999999987
2945,0.008180000000000298
2946,0.008072999999999997
2947,0.010777999999999732
2948,0.0059909999999998576
2949,0.011581000000000063
2950,0.007903000000000215
2951,0.0092089999999998
2952,0.009531999999999652
2953,0.008389000000000202
2954,0.009901999999999855
2955,0.007556999999999814
2956,0.012045999999999779
2957,0.00852200000000014
2958,0.010727999999999849
2959,0.010780000000000012
2960,0.011438999999999755
2961,0.009914999999999896
2962,0.013822000000000223
2963,0.010143000000000235
2964,0.01508699999999985
2965,0.010116000000000014
2966,0.013094000000000161
2967,0.010644999999999794
2968,0.013738999999999724
2969,0.011788000000000132
2970,0.011693000000000175
2971,0.010660000000000114
2972,0.01322800000000024
2973,0.010170000000000012
2974,0.011112000000000233
2975,0.007722000000000229
2976,0.010851999999999862
2977,0.01161600000000007
2978,0.0072309999999999874
2979,0.010730999999999824
2980,0.01067299999999971
2981,0.00827599999999995
2982,0.010469000000000062
2983,0.009675999999999796
2984,0.010488999999999749
2985,0.009833999999999676
2986,0.012607000000000035
2987,0.011533999999999711
2988,0.011743999999999755
2989,0.012620000000000076
2990,0.013357000000000063
2991,0.014622000000000135
2992,0.01662100000000022
2993,0.01716099999999976
2994,0.014739000000000058
2995,0.016640999999999906
2996,0.018506000000000355
2997,0.01919499999999985
2998,0.017584000000000266
2999,0.018696000000000268
3000,0.018642999999999965
3001,0.015662999999999982
3002,0.017988000000000337
3003,0.01183000000000023
3004,0.01618900000000023
3005,0.015219000000000094
3006,0.012338000000000182
3007,0.011426000000000158
3008,0.015908000000000033
3009,0.01120600000000005
3010,0.013053000000000203
3011,0.01351699999999978
3012,0.012427000000000188
3013,0.01399999999999979
3014,0.013049999999999784
3015,0.01370400000000016
3016,0.013508000000000298
3017,0.01470500000000019
3018,0.01237699999999986
3019,0.014629000000000225
3020,0.01269800000000032
3021,0.014307999999999765
3022,0.012386999999999926
3023,0.01455200000000012
3024,0.015827000000000258
3025,0.01508900000000013
3026,0.014085999999999821
3027,0.015027000000000346
3028,0.014612999999999765
3029,0.015257999999999772
3030,0.015363999999999933
3031,0.013590999999999909
3032,0.014687000000000339
3033,0.01492300000000002
3034,0.012661000000000033
3035,0.016094000000000275
3036,0.011446999999999985
3037,0.015388999999999875
3038,0.013275000000000148
3039,0.013281999999999794
3040,0.014062999999999715
3041,0.013203999999999994
3042,0.013028999999999957
3043,0.01553899999999997
3044,0.014445000000000263
3045,0.014617000000000324
3046,0.014506000000000352
3047,0.01638800000000007
3048,0.014151000000000025
3049,0.014534000000000269
3050,0.017684000000000033
3051,0.014717999999999787
3052,0.017217000000000038
3053,0.014717000000000091
3054,0.015881000000000256
3055,0.01477300000000037
3056,0.016103999999999896
3057,0.013330999999999982
3058,0.017670999999999992
3059,0.012465999999999866
3060,0.015587000000000018
3061,0.013665000000000038
3062,0.013163000000000036
3063,0.012358000000000313
3064,0.012408999999999892
3065,0.010775000000000201
3066,0.012250000000000316
3067,0.012532999999999905
3068,0.011552000000000007
3069,0.012580999999999953
3070,0.01408699999999996
3071,0.013581999999999983
3072,0.012208000000000219
3073,0.015582000000000207
3074,0.011934000000000111
3075,0.015498000000000012
3076,0.013454999999999995
3077,0.014911000000000119
3078,0.013586000000000098
3079,0.01578299999999988
3080,0.016134000000000093
3081,0.013174000000000241
3082,0.01655599999999957
3083,0.014943999999999846
3084,0.015204000000000217
3085,0.016527999999999654
3086,0.014352999999999838
3087,0.015368000000000048
3088,0.014275000000000038
3089,0.01600299999999999
3090,0.014679999999999804
3091,0.018163999999999625
3092,0.013884000000000007
3093,0.015833000000000208
3094,0.014556999999999931
3095,0.01785199999999998
3096,0.015432000000000112
3097,0.015890000000000182
3098,0.018612000000000073
3099,0.013285000000000213
3100,0.017924000000000273
3101,0.01645999999999992
3102,0.01634100000000016
3103,0.015899000000000107
3104,0.015524000000000093
3105,0.016664999999999708
3106,0.01375700000000002
3107,0.016757000000000133
3108,0.01940900000000001
3109,0.017282999999999937
3110,0.019051999999999847
3111,0.011723999999999624
3112,0.020602999999999927
3113,0.01553199999999988
3114,0.019811000000000245
3115,0.013493999999999673
3116,0.01748300000000036
3117,0.018981999999999832
3118,0.01599800000000018
3119,0.015904000000000362
3120,0.01887900000000009
3121,0.01811600000000002
3122,0.015528999999999904
3123,0.016191999999999762
3124,0.01856599999999986
3125,0.01701599999999992
3126,0.016108999999999707
3127,0.015499999999999847
3128,0.017236999999999725
3129,0.019223000000000212
3130,0.0183399999999998
3131,0.018625000000000114
3132,0.01827500000000004
3133,0.019305999999999823
3134,0.019462000000000312
3135,0.017357000000000067
3136,0.02197799999999983
3137,0.018953999999999915
3138,0.018888000000000016
3139,0.019989999999999952
3140,0.01834499999999961
3141,0.019400000000000084
3142,0.017552000000000234
3143,0.018454000000000192
3144,0.018602999999999703
3145,0.016169999999999796
3146,0.018454000000000192
3147,0.013583999999999818
3148,0.016984000000000332
3149,0.012827000000000144
3150,0.016141000000000183
3151,0.014943999999999846
3152,0.014224000000000014
3153,0.014898000000000078
3154,0.015922000000000214
3155,0.015484999999999971
3156,0.01583099999999993
3157,0.016837000000000213
3158,0.01459599999999961
3159,0.017228000000000243
3160,0.016086000000000045
3161,0.016754000000000158
3162,0.016668000000000127
3163,0.016093000000000135
3164,0.01601600000000003
3165,0.014981000000000133
3166,0.017919000000000018
3167,0.015996999999999595
3168,0.016532000000000213
3169,0.013516000000000084
3170,0.01568299999999967
3171,0.014728999999999992
3172,0.0164080000000002
3173,0.013796999999999837
3174,0.010391999999999957
3175,0.018362999999999907
3176,0.013284000000000074
3177,0.01508799999999999
3178,0.015426999999999857
3179,0.014130000000000198
3180,0.015357999999999983
3181,0.017370000000000108
3182,0.01308700000000007
3183,0.015156999999999865
3184,0.013865000000000016
3185,0.01545899999999989
3186,0.01453300000000013
3187,0.015202000000000382
3188,0.012003999999999682
3189,0.013919000000000015
3190,0.015331999999999901
3191,0.013043000000000138
3192,0.014177000000000106
3193,0.013516000000000084
3194,0.01578400000000002
3195,0.012191999999999759
3196,0.015010999999999886
3197,0.013503000000000043
3198,0.014394999999999936
3199,0.01386300000000018
3200,0.012923999999999936
3201,0.015667999999999793
3202,0.015379000000000254
3203,0.01863000000000037
3204,0.017443999999999793
3205,0.016436000000000117
3206,0.02032899999999982
3207,0.019660999999999706
3208,0.01802400000000004
3209,0.02072900000000022
3210,0.017804999999999627
3211,0.021224999999999827
3212,0.01925599999999994
3213,0.021958000000000144
3214,0.018299999999999983
3215,0.02026099999999964
3216,0.020690999999999793
3217,0.018534999999999968
3218,0.019823000000000146
3219,0.018907000000000007
3220,0.01911300000000038
3221,0.01941399999999982
3222,0.019582999999999906
3223,0.018502999999999936
3224,0.018559000000000214
3225,0.018818
3226,0.018987000000000087
3227,0.01596200000000003
3228,0.01748800000000017
3229,0.018853999999999704
3230,0.01547799999999988
3231,0.016199999999999992
3232,0.017608000000000068
3233,0.015360999999999958
3234,0.01847000000000021
3235,0.015261000000000191
3236,0.015362999999999793
3237,0.016919999999999824
3238,0.004106999999999861
3239,0.016593999999999998
3240,0.0020540000000002223
3241,0.017386000000000124
3242,0.01678299999999977
3243,0.016542999999999974
3244,0.017360000000000042
3245,0.01811600000000002
3246,0.01749400000000012
3247,0.01847399999999988
3248,0.014723999999999737
3249,0.02010899999999971
3250,0.01761899999999983
3251,0.01995400000000025
3252,0.014676000000000133
3253,0.019544999999999924
3254,0.013104999999999922
3255,0.01691599999999971
3256,0.015730000000000022
3257,0.017040000000000166
3258,0.019766999999999868
3259,0.02113100000000001
3260,0.023016000000000147
3261,0.017705000000000304
3262,0.021111000000000324
3263,0.0211800000000002
3264,0.021618000000000137
3265,0.018943000000000154
3266,0.022397999999999918
3267,0.023222000000000076
3268,0.023004999999999942
3269,0.02393500000000026
3270,0.02268200000000009
3271,0.025475999999999832
3272,0.02050799999999997
3273,0.025110999999999883
3274,0.02251999999999965
3275,0.022875000000000423
3276,0.024002999999999997
3277,0.023182999999999954
3278,0.024081999999999937
3279,0.018418000000000045
3280,0.022404000000000313
3281,0.020716999999999874
3282,0.023721000000000103
3283,0.02042199999999994
3284,0.02181500000000014
3285,0.02226399999999984
3286,0.010666000000000064
3287,0.015959000000000056
3288,0.013713000000000086
3289,0.014676999999999829
3290,0.010550000000000281
3291,0.013554000000000066
3292,0.022022999999999904
3293,0.014831000000000039
3294,0.012942999999999927
3295,0.015506999999999938
3296,0.014131000000000338
3297,0.01698299999999975
3298,0.014470000000000205
3299,0.013199000000000183
3300,0.017257999999999996
3301,0.013962000000000252
3302,0.017759000000000302
3303,0.013806999999999903
3304,0.016872999999999916
3305,0.017965999999999926
3306,0.01692399999999994
3307,0.018723000000000045
3308,0.011868999999999907
3309,0.01555799999999996
3310,0.017212999999999923
3311,0.012669999999999959
3312,0.01569200000000004
3313,0.01848800000000006
3314,0.0165810000000004
3315,0.01739299999999977
3316,0.015822000000000003
3317,0.01832300000000009
3318,0.017920000000000158
3319,0.017816999999999972
3320,0.018251999999999935
3321,0.02151600000000009
3322,0.015496000000000176
3323,0.01995199999999997
3324,0.016565000000000385
3325,0.01883300000000032
3326,0.015159000000000145
3327,0.018986999999999643
3328,0.014836999999999989
3329,0.016484000000000165
3330,0.019494999999999596
3331,0.015900999999999943
3332,0.019534999999999858
3333,0.016977999999999938
3334,0.019827999999999957
3335,0.018761000000000028
3336,0.01993400000000012
3337,0.021670999999999996
3338,0.01910400000000001
3339,0.021719000000000044
3340,0.020859000000000183
3341,0.022262000000000004
3342,0.02296200000000015
3343,0.02136799999999983
3344,0.02374400000000021
3345,0.02164300000000008
3346,0.02460299999999993
3347,0.027309999999999945
3348,0.020214999999999872
3349,0.025545999999999847
3350,0.02328100000000033
3351,0.02266400000000024
3352,0.025006000000000306
3353,0.024297000000000235
3354,0.022027999999999714
3355,0.023442000000000185
3356,0.023317999999999728
3357,0.023922999999999917
3358,0.023931000000000147
3359,0.02229599999999987
3360,0.023311999999999777
3361,0.0228069999999998
3362,0.022405000000000008
3363,0.021468000000000043
3364,0.02168900000000029
3365,0.019881999999999955
3366,0.02278799999999981
3367,0.01901099999999989
3368,0.018361999999999767
3369,0.02198399999999978
3370,0.020742999999999956
3371,0.0208870000000001
3372,0.016630000000000145
3373,0.01602900000000007
3374,0.017564000000000135
3375,0.021389999999999798
3376,0.022877999999999954
3377,0.019473000000000074
3378,0.02221599999999979
3379,0.021462000000000092
3380,0.02075300000000002
3381,0.020366000000000106
3382,0.02202100000000007
3383,0.02072200000000013
3384,0.020196000000000325
3385,0.021377999999999897
3386,0.02242199999999972
3387,0.018337999999999965
3388,0.024365999999999666
3389,0.02157000000000009
3390,0.017018999999999895
3391,0.020774999999999988
3392,0.019696000000000158
3393,0.019784000000000024
3394,0.020550000000000068
3395,0.020170000000000243
3396,0.01919599999999999
3397,0.019463000000000008
3398,0.0183819999999999
3399,0.02127699999999999
3400,0.020350999999999786
3401,0.02166200000000007
3402,0.01874600000000015
3403,0.019291999999999643
3404,0.019233999999999973
3405,0.0184350000000002
3406,0.02025100000000002
3407,0.017864000000000324
3408,0.019074000000000257
3409,0.018288000000000082
3410,0.01934300000000011
3411,0.01877899999999988
3412,0.02056199999999997
3413,0.020068999999999892
3414,0.021732000000000085
3415,0.022694999999999688
3416,0.020471000000000128
3417,0.02121200000000023
3418,0.02213200000000004
3419,0.022221000000000046
3420,0.024692999999999632
3421,0.023470999999999798
3422,0.021614000000000022
3423,0.023679000000000006
3424,0.0243850000000001
3425,0.02330500000000013
3426,0.025561999999999863
3427,0.021684999999999732
3428,0.02428200000000036
3429,0.023571999999999704
3430,0.02298599999999995
3431,0.024389999999999912
3432,0.021138999999999797
3433,0.021924000000000277
3434,0.0216160000000003
3435,0.02020299999999997
3436,0.020656999999999925
3437,0.022040999999999755
3438,0.021776999999999713
3439,0.022444999999999826
3440,0.01885899999999996
3441,0.023003999999999802
3442,0.02184000000000008
3443,0.02607600000000021
3444,0.020179999999999865
3445,0.02080599999999988
3446,0.020508999999999666
3447,0.02079299999999984
3448,0.024799999999999933
3449,0.020900999999999836
3450,0.022065
3451,0.02228899999999978
3452,0.022562000000000193
3453,0.021240999999999843
3454,0.024659999999999904
3455,0.023010000000000197
3456,0.021751000000000076
3457,0.019218999999999653
3458,0.020278999999999936
3459,0.028038999999999703
3460,0.020980999999999916
3461,0.0226090000000001
3462,0.023360999999999965
3463,0.02373200000000031
3464,0.023944000000000187
3465,0.024851999999999652
3466,0.022097000000000033
3467,0.027331999999999912
3468,0.021768999999999927
3469,0.025031999999999943
3470,0.025241999999999987
3471,0.022863000000000078
3472,0.022069999999999812
3473,0.02390800000000004
3474,0.022378999999999927
3475,0.025491999999999848
3476,0.02358400000000005
3477,0.02274699999999985
3478,0.02685499999999985
3479,0.023395999999999972
3480,0.024070000000000036
3481,0.026066000000000145
3482,0.025007
3483,0.023871000000000198
3484,0.025988999999999596
3485,0.025110000000000188
3486,0.026580999999999744
3487,0.027356000000000158
3488,0.026491000000000042
3489,0.026403999999999872
3490,0.025804999999999634
3491,0.029857000000000244
3492,0.025481000000000087
3493,0.02787000000000006
3494,0.029034999999999922
3495,0.026654999999999873
3496,0.026486999999999927
3497,0.026132000000000044
3498,0.033474000000000004
3499,0.028742999999999963
3500,0.025859000000000076
3501,0.02987200000000012
3502,0.026658000000000293
3503,0.026658999999999988
3504,0.02777099999999999
3505,0.02877799999999997
3506,0.03062200000000015
3507,0.029283999999999644
3508,0.02890399999999982
3509,0.0286010000000001
3510,0.03030299999999997
3511,0.031083000000000194
3512,0.025418000000000163
3513,0.03171999999999997
3514,0.030987999999999793
3515,0.03130799999999967
3516,0.029819999999999958
3517,0.025276000000000298
3518,0.030821999999999683
3519,0.02580999999999989
3520,0.02814300000000003
3521,0.0344850000000001
3522,0.028416999999999693
3523,0.024716999999999878
3524,0.03068099999999996
3525,0.026388999999999996
3526,0.027006000000000085
3527,0.029030999999999807
3528,0.023882000000000403
3529,0.027569999999999872
3530,0.026548000000000016
3531,0.026869999999999727
3532,0.03079300000000007
3533,0.026630999999999627
3534,0.026197000000000248
3535,0.02635399999999999
3536,0.028955000000000286
3537,0.026961000000000013
3538,0.026273000000000213
3539,0.026332999999999718
3540,0.023935999999999957
3541,0.02817399999999992
3542,0.02598699999999976
3543,0.02480199999999977
3544,0.027910000000000323
3545,0.02806199999999981
3546,0.027190999999999743
3547,0.031255000000000255
3548,0.025722000000000023
3549,0.02429300000000012
3550,0.03123100000000001
3551,0.02577700000000016
3552,0.02498200000000006
3553,0.02667099999999989
3554,0.024502000000000024
3555,0.02705000000000002
3556,0.025645999999999614
3557,0.02591100000000024
3558,0.026658999999999988
3559,0.02759899999999993
3560,0.02718200000000026
3561,0.02535099999999968
3562,0.023471999999999937
3563,0.02730100000000002
3564,0.025623999999999647
3565,0.02451499999999962
3566,0.02723600000000026
3567,0.025374999999999925
3568,0.02068100000000017
3569,0.0251509999999997
3570,0.02545699999999984
3571,0.026756000000000224
3572,0.023315999999999892
3573,0.027689000000000075
3574,0.02504799999999996
3575,0.025412000000000212
3576,0.027066000000000034
3577,0.028500000000000192
3578,0.026361999999999775
3579,0.026515999999999984
3580,0.030448000000000253
3581,0.02733500000000033
3582,0.027812999999999644
3583,0.03064
3584,0.028418999999999972
3585,0.028509000000000118
3586,0.02985900000000008
3587,0.028178000000000036
3588,0.02969500000000025
3589,0.02925999999999984
3590,0.02903800000000034
3591,0.02909600000000001
3592,0.029355999999999938
3593,0.02637899999999993
3594,0.027760999999999925
3595,0.027590000000000003
3596,0.027258999999999922
3597,0.02891099999999991
3598,0.028073000000000015
3599,0.024047000000000374
3600,0.027410999999999852
3601,0.02733300000000005
3602,0.02667799999999998
3603,0.03199700000000005
3604,0.028274999999999828
3605,0.027248999999999857
3606,0.028329999999999966
3607,0.029312000000000005
3608,0.026801000000000297
3609,0.02938200000000002
3610,0.02962800000000021
3611,0.027731000000000172
3612,0.028918
3613,0.030225999999999864
3614,0.02503499999999992
3615,0.0275129999999999
3616,0.026330999999999882
3617,0.02504099999999987
3618,0.028735000000000177
3619,0.02840800000000021
3620,0.02974000000000032
3621,0.028649999999999842
3622,0.028742000000000267
3623,0.03031600000000001
3624,0.027268999999999988
3625,0.028629000000000016
3626,0.02830599999999972
3627,0.027873000000000037
3628,0.031051999999999857
3629,0.027594999999999814
3630,0.027489000000000097
3631,0.029230999999999785
3632,0.028920999999999975
3633,0.03048800000000007
3634,0.019140000000000157
3635,0.03306899999999979
3636,0.02916099999999977
3637,0.030753000000000252
3638,0.034731999999999985
3639,0.03251699999999991
3640,0.03140199999999993
3641,0.03011000000000008
3642,0.032645000000000035
3643,0.0338989999999999
3644,0.03331099999999987
3645,0.03389699999999962
3646,0.033957000000000015
3647,0.03477100000000011
3648,0.03615400000000024
3649,0.03431899999999999
3650,0.03345400000000032
3651,0.03717799999999993
3652,0.03432299999999966
3653,0.03473499999999996
3654,0.035127999999999826
3655,0.03339099999999995
3656,0.033474000000000004
3657,0.03612100000000007
3658,0.03531199999999979
3659,0.03538900000000034
3660,0.03547499999999992
3661,0.03515600000000019
3662,0.03375399999999962
3663,0.03572199999999981
3664,0.03374200000000016
3665,0.034448000000000256
3666,0.03416200000000025
3667,0.030968999999999802
3668,0.03300900000000029
3669,0.03262900000000002
3670,0.03166899999999995
3671,0.029514999999999958
3672,0.029644000000000226
3673,0.0303230000000001
3674,0.0307599999999999
3675,0.03062200000000015
3676,0.02768999999999977
3677,0.029981999999999953
3678,0.03366400000000036
3679,0.029460000000000264
3680,0.029869000000000145
3681,0.03191999999999995
3682,0.02948800000000018
3683,0.030039999999999623
3684,0.031066999999999734
3685,0.030904999999999738
3686,0.026527999999999885
3687,0.028256999999999977
3688,0.03153199999999989
3689,0.027668000000000248
3690,0.030891000000000002
3691,0.0320870000000002
3692,0.02614200000000011
3693,0.031390999999999725
3694,0.03191100000000002
3695,0.02883300000000011
3696,0.029857000000000244
3697,0.030126000000000097
3698,0.027476000000000056
3699,0.03117900000000029
3700,0.029965999999999937
3701,0.02828199999999992
3702,0.023931000000000147
3703,0.026050999999999824
3704,0.02786899999999992
3705,0.025252999999999748
3706,0.028888000000000247
3707,0.02678199999999986
3708,0.03799600000000014
3709,0.02614800000000006
3710,0.0271539999999999
3711,0.025974000000000164
3712,0.02893900000000027
3713,0.029730000000000256
3714,0.029508000000000312
3715,0.030723000000000056
3716,0.0289839999999999
3717,0.030139000000000138
3718,0.03070700000000004
3719,0.03269199999999994
3720,0.033965000000000245
3721,0.029490000000000016
3722,0.03425699999999976
3723,0.03271700000000033
3724,0.030060999999999893
3725,0.029955000000000176
3726,0.03284200000000004
3727,0.03289699999999973
3728,0.030978000000000172
3729,0.035493999999999915
3730,0.029418000000000166
3731,0.03256900000000007
3732,0.03181499999999993
3733,0.03225200000000017
